-- --------------------------------------------------------
-- Host:                         127.0.0.1
-- Server version:               8.0.30 - MySQL Community Server - GPL
-- Server OS:                    Win64
-- HeidiSQL Version:             12.1.0.6537
-- --------------------------------------------------------

/*!40101 SET @OLD_CHARACTER_SET_CLIENT=@@CHARACTER_SET_CLIENT */;
/*!40101 SET NAMES utf8 */;
/*!50503 SET NAMES utf8mb4 */;
/*!40103 SET @OLD_TIME_ZONE=@@TIME_ZONE */;
/*!40103 SET TIME_ZONE='+00:00' */;
/*!40014 SET @OLD_FOREIGN_KEY_CHECKS=@@FOREIGN_KEY_CHECKS, FOREIGN_KEY_CHECKS=0 */;
/*!40101 SET @OLD_SQL_MODE=@@SQL_MODE, SQL_MODE='NO_AUTO_VALUE_ON_ZERO' */;
/*!40111 SET @OLD_SQL_NOTES=@@SQL_NOTES, SQL_NOTES=0 */;


-- Dumping database structure for be-galer
CREATE DATABASE IF NOT EXISTS `be-galer` /*!40100 DEFAULT CHARACTER SET utf8mb4 COLLATE utf8mb4_0900_ai_ci */ /*!80016 DEFAULT ENCRYPTION='N' */;
USE `be-galer`;

-- Dumping structure for table be-galer.album
CREATE TABLE IF NOT EXISTS `album` (
  `id` int NOT NULL AUTO_INCREMENT,
  `uuid` varchar(255) NOT NULL,
  `nama` varchar(255) NOT NULL,
  `deskripsi` text NOT NULL,
  `gambar` varchar(255) NOT NULL,
  `userId` int NOT NULL,
  `categoryId` int NOT NULL,
  `createdAt` datetime NOT NULL,
  `updatedAt` datetime NOT NULL,
  `status` varchar(255) NOT NULL,
  PRIMARY KEY (`id`),
  KEY `userId` (`userId`),
  KEY `categoryId` (`categoryId`),
  CONSTRAINT `album_ibfk_1` FOREIGN KEY (`userId`) REFERENCES `users` (`id`) ON DELETE CASCADE ON UPDATE CASCADE,
  CONSTRAINT `album_ibfk_2` FOREIGN KEY (`categoryId`) REFERENCES `category` (`id`) ON DELETE CASCADE ON UPDATE CASCADE
) ENGINE=InnoDB AUTO_INCREMENT=20 DEFAULT CHARSET=utf8mb4 COLLATE=utf8mb4_0900_ai_ci;

-- Dumping data for table be-galer.album: ~6 rows (approximately)
INSERT INTO `album` (`id`, `uuid`, `nama`, `deskripsi`, `gambar`, `userId`, `categoryId`, `createdAt`, `updatedAt`, `status`) VALUES
	(6, 'c55c91b8-efe5-472b-bde5-184fb658bb52', 'Lapangan', 'Dokumentasi Jurusan PPLG', 'uploads\\covers\\1732485333207.png', 1, 24, '2024-11-20 21:51:47', '2024-11-24 21:55:33', 'guest'),
	(7, '58e7c629-f500-4732-8b5c-6309f78b3b5c', 'Gerbang SMK4', 'Dokumentasi Jurusan TJKT', 'uploads\\covers\\1732485365690.png', 1, 24, '2024-11-20 21:52:24', '2024-11-24 21:56:05', 'guest'),
	(8, '93853f48-6a73-44cc-b474-9f0790ac86cf', 'MPLS', 'Dokumentasi Jurusan TLFM', 'uploads\\covers\\1732485384008.jpeg', 1, 24, '2024-11-20 21:53:15', '2024-11-24 21:56:24', 'guest'),
	(9, 'bda7833f-c131-4652-869f-9eba3b4dff3f', 'Ruang PPLG', 'Dokumentasi Jurusan TKR', 'uploads\\covers\\1732485407766.png', 1, 24, '2024-11-20 21:53:48', '2024-11-24 21:56:47', 'guest'),
	(10, '21c85d11-5b96-4d84-883c-1aff269ef830', 'Paskibra', 'Dokumentasi Lingkungan Sekolag', 'uploads\\covers\\1732485429592.jpg', 1, 25, '2024-11-20 21:56:10', '2024-11-24 21:57:09', 'guest'),
	(11, 'f77b9d77-1632-4877-a340-a99c7919bf5f', 'Upacara Bendera', 'Dokumentasi Ada Ruangan Apa Saja', 'uploads\\covers\\1732485457589.jpg', 1, 25, '2024-11-20 21:58:40', '2024-11-24 21:57:37', 'guest'),
	(17, '35ddf087-10b0-4dcd-8472-16ee5089d194', 'tes', 'test', 'uploads\\covers\\1732486219578.png', 1, 28, '2024-11-24 22:10:19', '2024-11-24 22:10:19', 'guest'),
	(18, 'be3ddc37-e5c5-4c9e-97ed-7311bf9e6019', 'test', 'tes', 'uploads\\covers\\1732486256305.png', 1, 28, '2024-11-24 22:10:56', '2024-11-24 22:10:56', 'guest'),
	(19, '275154ea-767c-432b-90f3-c2be9cc8131d', 'test', 'stes', 'uploads\\covers\\1732486272499.png', 1, 28, '2024-11-24 22:11:12', '2024-11-24 22:11:12', 'guest');

-- Dumping structure for table be-galer.category
CREATE TABLE IF NOT EXISTS `category` (
  `id` int NOT NULL AUTO_INCREMENT,
  `uuid` varchar(255) NOT NULL,
  `nama` varchar(255) NOT NULL,
  `deskripsi` text NOT NULL,
  `createdAt` datetime NOT NULL,
  `updatedAt` datetime NOT NULL,
  `userId` int NOT NULL,
  `status` varchar(255) NOT NULL,
  PRIMARY KEY (`id`),
  KEY `FK_category_users` (`userId`),
  CONSTRAINT `FK_category_users` FOREIGN KEY (`userId`) REFERENCES `users` (`id`) ON DELETE CASCADE ON UPDATE CASCADE
) ENGINE=InnoDB AUTO_INCREMENT=29 DEFAULT CHARSET=utf8mb4 COLLATE=utf8mb4_0900_ai_ci;

-- Dumping data for table be-galer.category: ~2 rows (approximately)
INSERT INTO `category` (`id`, `uuid`, `nama`, `deskripsi`, `createdAt`, `updatedAt`, `userId`, `status`) VALUES
	(24, '56658cda-55ad-4b34-a70f-e3639e0adb98', 'Jurusan', 'Jurusan yang ada di SMKN 4 Bogor', '2024-11-20 21:50:34', '2024-11-20 21:50:34', 1, 'guest'),
	(25, 'd5c2a4ef-5762-462e-88c5-a008e5e45916', 'Fasilitas', 'Fasilitas - Fasilitas yang ada di SMKN 4', '2024-11-20 21:51:07', '2024-11-20 21:51:07', 1, 'guest'),
	(28, 'd7b77d3a-e90a-4cb5-ac4c-685b65039e9c', 'test', 'tes2', '2024-11-21 06:32:17', '2024-11-21 06:32:27', 1, 'guest');

-- Dumping structure for table be-galer.events
CREATE TABLE IF NOT EXISTS `events` (
  `id` int NOT NULL AUTO_INCREMENT,
  `uuid` varchar(255) NOT NULL,
  `nama` varchar(255) NOT NULL,
  `deskripsi` text NOT NULL,
  `gambar` text NOT NULL,
  `userId` int NOT NULL,
  `createdAt` datetime NOT NULL,
  `updatedAt` datetime NOT NULL,
  `status` varchar(255) NOT NULL,
  PRIMARY KEY (`id`),
  KEY `userId` (`userId`),
  CONSTRAINT `events_ibfk_1` FOREIGN KEY (`userId`) REFERENCES `users` (`id`) ON DELETE CASCADE ON UPDATE CASCADE
) ENGINE=InnoDB AUTO_INCREMENT=15 DEFAULT CHARSET=utf8mb4 COLLATE=utf8mb4_0900_ai_ci;

-- Dumping data for table be-galer.events: ~7 rows (approximately)
INSERT INTO `events` (`id`, `uuid`, `nama`, `deskripsi`, `gambar`, `userId`, `createdAt`, `updatedAt`, `status`) VALUES
	(5, '0854d954-5731-4a94-bda6-1d190b735bda', '17 November 2024 - Workshop', 'Lorem ipsum dolor sit amet consectetur adipisicing elit. Maxime mollitia,\r\nmolestiae quas vel sint commodi repudiandae consequuntur voluptatum laborumm\r\nnumquam blanditiis harum quisquam eius sed odit fugiat iusto fuga praesentium\r\noptio, eaque rerum! Provident similique accusantium nemo autem. Veritatis\r\nobcaecati tenetur iure eius earum ut molestias architecto voluptate aliquam\r\nnihil, eveniet aliquid culpa officia aut! Impedit sit sunt quaerat, odit,\r\ntenetur error, harum nesciunt ipsum debitis quas aliquid.', 'uploads\\events\\1732141302179.jpg', 1, '2024-11-20 22:21:42', '2024-11-20 22:25:31', 'guest'),
	(6, '21137556-b8a3-474c-9f2a-ff42ae1b5167', '17 November 2024 - Workshop', 'Lorem ipsum dolor sit amet consectetur adipisicing elit. Maxime mollitia,\r\nmolestiae quas vel sint commodi repudiandae consequuntur voluptatum laborum\r\nnumquam blanditiis harum quisquam eius sed odit fugiat iusto fuga praesentium\r\noptio, eaque rerum! Provident similique accusantium nemo autem. Veritatis\r\nobcaecati tenetur iure eius earum ut molestias architecto voluptate aliquam\r\nnihil, eveniet aliquid culpa officia aut! Impedit sit sunt quaerat, odit,\r\ntenetur error, harum nesciunt ipsum debitis quas aliquid.', 'uploads\\events\\1732141334908.jpg', 1, '2024-11-20 22:22:14', '2024-11-20 22:22:14', 'guest'),
	(7, 'ea9f48b1-7b5d-4950-b751-cb73e2f2e3c0', '17 November 2024 - Workshop', 'Lorem ipsum dolor sit amet consectetur adipisicing elit. Maxime mollitia,\r\nmolestiae quas vel sint commodi repudiandae consequuntur voluptatum laborum\r\nnumquam blanditiis harum quisquam eius sed odit fugiat iusto fuga praesentium\r\noptio, eaque rerum! Provident similique accusantium nemo autem. Veritatis\r\nobcaecati tenetur iure eius earum ut molestias architecto voluptate aliquam\r\nnihil, eveniet aliquid culpa officia aut! Impedit sit sunt quaerat, odit,\r\ntenetur error, harum nesciunt ipsum debitis quas aliquid.', 'uploads\\events\\1732141368529.jpg', 1, '2024-11-20 22:22:48', '2024-11-20 22:22:48', 'guest'),
	(8, '037ed673-dbbc-49ef-840b-368a210f8a6a', '17 November 2024 - Workshop', 'Lorem ipsum dolor sit amet consectetur adipisicing elit. Maxime mollitia,\r\nmolestiae quas vel sint commodi repudiandae consequuntur voluptatum laborum\r\nnumquam blanditiis harum quisquam eius sed odit fugiat iusto fuga praesentium\r\noptio, eaque rerum! Provident similique accusantium nemo autem. Veritatis\r\nobcaecati tenetur iure eius earum ut molestias architecto voluptate aliquam\r\nnihil, eveniet aliquid culpa officia aut! Impedit sit sunt quaerat, odit,\r\ntenetur error, harum nesciunt ipsum debitis quas aliquid.', 'uploads\\events\\1732141415898.jpg', 1, '2024-11-20 22:23:35', '2024-11-20 22:23:35', 'guest'),
	(9, '565c6327-485c-4b21-9770-c9ebe66a221d', '17 November 2024 - Workshop', 'Lorem ipsum dolor sit amet consectetur adipisicing elit. Maxime mollitia,\r\nmolestiae quas vel sint commodi repudiandae consequuntur voluptatum laborum\r\nnumquam blanditiis harum quisquam eius sed odit fugiat iusto fuga praesentium\r\noptio, eaque rerum! Provident similique accusantium nemo autem. Veritatis\r\nobcaecati tenetur iure eius earum ut molestias architecto voluptate aliquam\r\nnihil, eveniet aliquid culpa officia aut! Impedit sit sunt quaerat, odit,\r\ntenetur error, harum nesciunt ipsum debitis quas aliquid.', 'uploads\\events\\1732141437747.jpg', 1, '2024-11-20 22:23:57', '2024-11-20 22:23:57', 'guest'),
	(10, '4c1b43c2-3925-4eb5-9021-6d436b8f9ce6', '17 November 2024 - Workshop', 'Lorem ipsum dolor sit amet consectetur adipisicing elit. Maxime mollitia,\r\nmolestiae quas vel sint commodi repudiandae consequuntur voluptatum laborum\r\nnumquam blanditiis harum quisquam eius sed odit fugiat iusto fuga praesentium\r\noptio, eaque rerum! Provident similique accusantium nemo autem. Veritatis\r\nobcaecati tenetur iure eius earum ut molestias architecto voluptate aliquam\r\nnihil, eveniet aliquid culpa officia aut! Impedit sit sunt quaerat, odit,\r\ntenetur error, harum nesciunt ipsum debitis quas aliquid.', 'uploads\\events\\1732141464779.jpg', 1, '2024-11-20 22:24:24', '2024-11-20 22:24:24', 'guest'),
	(11, '032e4546-a9d7-4cc2-904a-6ac5dd2aa039', '17 November 2024 - Workshop', 'Lorem ipsum dolor sit amet consectetur adipisicing elit. Maxime mollitia,\r\nmolestiae quas vel sint commodi repudiandae consequuntur voluptatum laborum\r\nnumquam blanditiis harum quisquam eius sed odit fugiat iusto fuga praesentium\r\noptio, eaque rerum! Provident similique accusantium nemo autem. Veritatis\r\nobcaecati tenetur iure eius earum ut molestias architecto voluptate aliquam\r\nnihil, eveniet aliquid culpa officia aut! Impedit sit sunt quaerat, odit,\r\ntenetur error, harum nesciunt ipsum debitis quas aliquid.', 'uploads\\events\\1732141489905.jpg', 1, '2024-11-20 22:24:49', '2024-11-20 22:24:49', 'guest');

-- Dumping structure for table be-galer.foto
CREATE TABLE IF NOT EXISTS `foto` (
  `id` int NOT NULL AUTO_INCREMENT,
  `uuid` varchar(255) NOT NULL,
  `nama` varchar(255) NOT NULL,
  `deskripsi` text NOT NULL,
  `gambar` varchar(255) NOT NULL,
  `userId` int NOT NULL,
  `albumId` int NOT NULL,
  `createdAt` datetime NOT NULL,
  `updatedAt` datetime NOT NULL,
  `status` varchar(255) NOT NULL,
  PRIMARY KEY (`id`),
  KEY `userId` (`userId`),
  KEY `albumId` (`albumId`),
  CONSTRAINT `foto_ibfk_1` FOREIGN KEY (`userId`) REFERENCES `users` (`id`) ON DELETE CASCADE ON UPDATE CASCADE,
  CONSTRAINT `foto_ibfk_2` FOREIGN KEY (`albumId`) REFERENCES `album` (`id`) ON DELETE CASCADE ON UPDATE CASCADE
) ENGINE=InnoDB AUTO_INCREMENT=22 DEFAULT CHARSET=utf8mb4 COLLATE=utf8mb4_0900_ai_ci;

-- Dumping data for table be-galer.foto: ~13 rows (approximately)
INSERT INTO `foto` (`id`, `uuid`, `nama`, `deskripsi`, `gambar`, `userId`, `albumId`, `createdAt`, `updatedAt`, `status`) VALUES
	(5, '008b1023-234f-4f81-847b-37726e8cef0b', 'Ruang Praktek', 'Ruangan Praktik PPLG', 'uploads\\photos\\1732485516038.jpg', 1, 6, '2024-11-20 21:54:28', '2024-11-24 21:58:36', 'guest'),
	(7, 'af72c840-9346-4b8f-9e7e-c9ae1737d9ce', 'Lapanagan', 'Lapangan SMKN 4 Bogor', 'uploads\\photos\\1732139799537.jpg', 1, 10, '2024-11-20 21:56:39', '2024-11-20 21:56:39', 'guest'),
	(8, '1e86a57f-a4ec-4ba3-b2e4-ce074facf19f', 'Lapangan', 'Lapangan SMKN 4 Bogor', 'uploads\\photos\\1732139824153.jpg', 1, 10, '2024-11-20 21:57:04', '2024-11-20 21:57:04', 'guest'),
	(9, '3759bf32-f65f-40ff-a32e-1f67c30d753b', 'Taman', 'Taman Kecil SMKN 4 Bogor', 'uploads\\photos\\1732139856792.jpg', 1, 10, '2024-11-20 21:57:36', '2024-11-20 21:57:36', 'guest'),
	(10, '3bd9b584-578b-4d04-b2e2-4f4c2cf9b303', 'Ruangan Praktik', 'Ruangan Kelas dan Praktik di SMKN 4 Bogor', 'uploads\\photos\\1732140001095.jpg', 1, 11, '2024-11-20 22:00:01', '2024-11-20 22:00:01', 'guest'),
	(11, 'f2374117-128c-4b38-9422-3fde5175f715', 'Ruangan', 'Ruangan Kelas dan Praktik di SMKN 4 Bogor', 'uploads\\photos\\1732140014149.jpeg', 1, 11, '2024-11-20 22:00:14', '2024-11-20 22:00:14', 'guest'),
	(12, '2ecc90cc-2139-4419-b7f5-98f175d6e1fa', 'Ruangan', 'Ruangan Kelas dan Praktik di SMKN 4 Bogor', 'uploads\\photos\\1732140030319.jpg', 1, 11, '2024-11-20 22:00:30', '2024-11-20 22:00:30', 'guest'),
	(13, '3f10edfa-2d1a-49af-84fe-2d1f312f3678', 'Ruangan', 'Ruangan Kelas dan Praktik di SMKN 4 Bogor', 'uploads\\photos\\1732140048818.jpg', 1, 11, '2024-11-20 22:00:48', '2024-11-20 22:00:48', 'guest'),
	(14, '5ed40d81-396e-42ed-a706-1e2f5fffd1d1', 'Ruangan', 'Ruangan Kelas dan Praktik di SMKN 4 Bogor', 'uploads\\photos\\1732140077292.jpg', 1, 11, '2024-11-20 22:01:17', '2024-11-20 22:01:17', 'guest'),
	(15, '92645889-8540-4c4c-a9c8-7dcdac211b0c', 'Ruangan', 'Ruangan Kelas dan Praktik di SMKN 4 Bogor', 'uploads\\photos\\1732140090258.jpg', 1, 11, '2024-11-20 22:01:30', '2024-11-20 22:01:30', 'guest'),
	(16, '92523718-0de6-4c86-b389-0c099fb52631', 'Ruangan', 'Ruangan Kelas dan Praktik di SMKN 4 Bogor', 'uploads\\photos\\1732140104522.jpg', 1, 11, '2024-11-20 22:01:44', '2024-11-20 22:01:44', 'guest'),
	(17, '23df90db-fcbc-4f67-9c47-e8fa53949c8a', 'Ruangan', 'Ruangan Kelas dan Praktik di SMKN 4 Bogor', 'uploads\\photos\\1732140128044.jpg', 1, 11, '2024-11-20 22:02:08', '2024-11-20 22:02:08', 'guest'),
	(18, 'd0941ccb-39da-4e57-80ac-9955be8900ac', 'Ruangan', 'Ruangan Kelas dan Praktik di SMKN 4 Bogor', 'uploads\\photos\\1732140153739.jpg', 1, 11, '2024-11-20 22:02:33', '2024-11-20 22:02:33', 'guest');

-- Dumping structure for table be-galer.news
CREATE TABLE IF NOT EXISTS `news` (
  `id` int NOT NULL AUTO_INCREMENT,
  `uuid` varchar(255) NOT NULL,
  `nama` varchar(255) NOT NULL,
  `deskripsi` text NOT NULL,
  `gambar` text NOT NULL,
  `userId` int NOT NULL,
  `createdAt` datetime NOT NULL,
  `updatedAt` datetime NOT NULL,
  `status` varchar(255) NOT NULL,
  PRIMARY KEY (`id`),
  KEY `userId` (`userId`),
  CONSTRAINT `news_ibfk_1` FOREIGN KEY (`userId`) REFERENCES `users` (`id`) ON DELETE CASCADE ON UPDATE CASCADE
) ENGINE=InnoDB AUTO_INCREMENT=22 DEFAULT CHARSET=utf8mb4 COLLATE=utf8mb4_0900_ai_ci;

-- Dumping data for table be-galer.news: ~7 rows (approximately)
INSERT INTO `news` (`id`, `uuid`, `nama`, `deskripsi`, `gambar`, `userId`, `createdAt`, `updatedAt`, `status`) VALUES
	(10, '7debb804-1333-400f-9f52-eab1271daf75', 'Recent News', 'Lorem ipsum dolor sit amet consectetur adipisicing elit. Maxime mollitia,\r\nmolestiae quas vel sint commodi repudiandae consequuntur voluptatum laborumm\r\nnumquam blanditiis harum quisquam eius sed odit fugiat iusto fuga praesentium\r\noptio, eaque rerum! Provident similique accusantium nemo autem. Veritatis\r\nobcaecati tenetur iure eius earum ut molestias architecto voluptate aliquam\r\nnihil, eveniet aliquid culpa officia aut! Impedit sit sunt quaerat, odit,\r\ntenetur error, harum nesciunt ipsum debitis quas aliquid.', 'uploads\\news\\1732140261529.jpg', 1, '2024-11-20 22:04:21', '2024-11-21 06:38:17', 'guest'),
	(11, 'ac0a3a66-59f1-436d-9050-830e0b095be0', 'Recent News', 'Lorem ipsum dolor sit amet consectetur adipisicing elit. Maxime mollitia,\r\nmolestiae quas vel sint commodi repudiandae consequuntur voluptatum laborum\r\nnumquam blanditiis harum quisquam eius sed odit fugiat iusto fuga praesentium\r\noptio, eaque rerum! Provident similique accusantium nemo autem. Veritatis\r\nobcaecati tenetur iure eius earum ut molestias architecto voluptate aliquam\r\nnihil, eveniet aliquid culpa officia aut! Impedit sit sunt quaerat, odit,\r\ntenetur error, harum nesciunt ipsum debitis quas aliquid.', 'uploads\\news\\1732140277612.jpg', 1, '2024-11-20 22:04:37', '2024-11-21 06:37:11', 'user'),
	(12, '2949a777-1639-43b1-84d8-14ab8cdf7e1c', 'Recent News', 'Lorem ipsum dolor sit amet consectetur adipisicing elit. Maxime mollitia,\r\nmolestiae quas vel sint commodi repudiandae consequuntur voluptatum laborum\r\nnumquam blanditiis harum quisquam eius sed odit fugiat iusto fuga praesentium\r\noptio, eaque rerum! Provident similique accusantium nemo autem. Veritatis\r\nobcaecati tenetur iure eius earum ut molestias architecto voluptate aliquam\r\nnihil, eveniet aliquid culpa officia aut! Impedit sit sunt quaerat, odit,\r\ntenetur error, harum nesciunt ipsum debitis quas aliquid.', 'uploads\\news\\1732140290057.jpg', 1, '2024-11-20 22:04:50', '2024-11-21 06:37:17', 'user'),
	(13, 'ec9a2144-b11b-4c71-9647-0ac4f9f4cd70', 'Recent News', 'Lorem ipsum dolor sit amet consectetur adipisicing elit. Maxime mollitia,\r\nmolestiae quas vel sint commodi repudiandae consequuntur voluptatum laborum\r\nnumquam blanditiis harum quisquam eius sed odit fugiat iusto fuga praesentium\r\noptio, eaque rerum! Provident similique accusantium nemo autem. Veritatis\r\nobcaecati tenetur iure eius earum ut molestias architecto voluptate aliquam\r\nnihil, eveniet aliquid culpa officia aut! Impedit sit sunt quaerat, odit,\r\ntenetur error, harum nesciunt ipsum debitis quas aliquid.', 'uploads\\news\\1732140317451.jpg', 1, '2024-11-20 22:05:17', '2024-11-21 06:37:23', 'user'),
	(14, '52e828d4-d423-4c04-ba34-b4ff013e6a08', 'Recent News', 'Lorem ipsum dolor sit amet consectetur adipisicing elit. Maxime mollitia,\r\nmolestiae quas vel sint commodi repudiandae consequuntur voluptatum laborum\r\nnumquam blanditiis harum quisquam eius sed odit fugiat iusto fuga praesentium\r\noptio, eaque rerum! Provident similique accusantium nemo autem. Veritatis\r\nobcaecati tenetur iure eius earum ut molestias architecto voluptate aliquam\r\nnihil, eveniet aliquid culpa officia aut! Impedit sit sunt quaerat, odit,\r\ntenetur error, harum nesciunt ipsum debitis quas aliquid.', 'uploads\\news\\1732140332628.jpg', 1, '2024-11-20 22:05:32', '2024-11-21 06:37:28', 'user'),
	(15, '3809db52-7f47-481c-a0a6-97eb35e4e919', 'Recent News', 'Lorem ipsum dolor sit amet consectetur adipisicing elit. Maxime mollitia,\r\nmolestiae quas vel sint commodi repudiandae consequuntur voluptatum laborum\r\nnumquam blanditiis harum quisquam eius sed odit fugiat iusto fuga praesentium\r\noptio, eaque rerum! Provident similique accusantium nemo autem. Veritatis\r\nobcaecati tenetur iure eius earum ut molestias architecto voluptate aliquam\r\nnihil, eveniet aliquid culpa officia aut! Impedit sit sunt quaerat, odit,\r\ntenetur error, harum nesciunt ipsum debitis quas aliquid.', 'uploads\\news\\1732140353629.jpg', 1, '2024-11-20 22:05:53', '2024-11-21 06:37:33', 'user'),
	(16, 'ac64b955-2181-4eed-a703-ceb8cad9203d', 'Recent News', 'Lorem ipsum dolor sit amet consectetur adipisicing elit. Maxime mollitia,\r\nmolestiae quas vel sint commodi repudiandae consequuntur voluptatum laborum\r\nnumquam blanditiis harum quisquam eius sed odit fugiat iusto fuga praesentium\r\noptio, eaque rerum! Provident similique accusantium nemo autem. Veritatis\r\nobcaecati tenetur iure eius earum ut molestias architecto voluptate aliquam\r\nnihil, eveniet aliquid culpa officia aut! Impedit sit sunt quaerat, odit,\r\ntenetur error, harum nesciunt ipsum debitis quas aliquid.', 'uploads\\news\\1732140375371.jpg', 1, '2024-11-20 22:06:15', '2024-11-21 06:37:38', 'user'),
	(21, 'a0fd7818-f190-4545-9dde-9ba33f91d0a8', 'tes', 'test', 'uploads\\news\\1732485282513.jpg', 1, '2024-11-24 21:54:42', '2024-11-24 21:54:42', 'guest');

-- Dumping structure for table be-galer.sessions
CREATE TABLE IF NOT EXISTS `sessions` (
  `sid` varchar(36) NOT NULL,
  `expires` datetime DEFAULT NULL,
  `data` text,
  `createdAt` datetime NOT NULL,
  `updatedAt` datetime NOT NULL,
  PRIMARY KEY (`sid`)
) ENGINE=InnoDB DEFAULT CHARSET=utf8mb4 COLLATE=utf8mb4_0900_ai_ci;

-- Dumping data for table be-galer.sessions: ~315 rows (approximately)
INSERT INTO `sessions` (`sid`, `expires`, `data`, `createdAt`, `updatedAt`) VALUES
	('_Bn3c4qQ8LBwVrofaRQLX8VV7ySlvCyd', '2024-11-27 03:53:46', '{"cookie":{"originalMaxAge":604800000,"expires":"2024-11-27T03:53:46.025Z","secure":false,"httpOnly":true,"path":"/","sameSite":"lax"}}', '2024-11-20 03:53:46', '2024-11-20 03:53:46'),
	('_GoSPdR3NVyzHSkXqpiHnN_my9seNW_q', '2024-11-27 21:11:06', '{"cookie":{"originalMaxAge":604800000,"expires":"2024-11-27T21:11:06.210Z","secure":false,"httpOnly":true,"path":"/","sameSite":"lax"}}', '2024-11-20 21:11:06', '2024-11-20 21:11:06'),
	('_J5lDDuTOzz2DjKFA3X2H7XXiMKo6g1N', '2024-11-27 20:18:28', '{"cookie":{"originalMaxAge":604800000,"expires":"2024-11-27T20:18:28.028Z","secure":false,"httpOnly":true,"path":"/","sameSite":"lax"}}', '2024-11-20 20:18:28', '2024-11-20 20:18:28'),
	('_mI1A45CBLvoitflHiTf2KQ2eJNL0e60', '2024-11-27 21:11:35', '{"cookie":{"originalMaxAge":604800000,"expires":"2024-11-27T21:11:35.451Z","secure":false,"httpOnly":true,"path":"/","sameSite":"lax"}}', '2024-11-20 21:11:35', '2024-11-20 21:11:35'),
	('_W5nRe_iPGhq_Z_Ho-xg7l8tA9NOGdoL', '2024-11-28 06:24:21', '{"cookie":{"originalMaxAge":604800000,"expires":"2024-11-28T06:24:21.860Z","secure":false,"httpOnly":true,"path":"/","sameSite":"lax"}}', '2024-11-21 06:24:21', '2024-11-21 06:24:21'),
	('-g7SXJA9QWLVbaa09FMEEXHsIvH-dqYY', '2024-11-27 19:43:22', '{"cookie":{"originalMaxAge":604800000,"expires":"2024-11-27T19:43:22.601Z","secure":false,"httpOnly":true,"path":"/","sameSite":"lax"}}', '2024-11-20 19:43:22', '2024-11-20 19:43:22'),
	('-pkDCJD8wnSIQuvVDZz8t_Fk-yixzETE', '2024-11-27 19:10:44', '{"cookie":{"originalMaxAge":604800000,"expires":"2024-11-27T19:10:44.585Z","secure":false,"httpOnly":true,"path":"/","sameSite":"lax"}}', '2024-11-20 19:10:44', '2024-11-20 19:10:44'),
	('-x0C5uBmGYhGFN45z8RNMrtyGXz9GBfV', '2024-11-28 06:36:46', '{"cookie":{"originalMaxAge":604800000,"expires":"2024-11-28T06:36:46.108Z","secure":false,"httpOnly":true,"path":"/","sameSite":"lax"}}', '2024-11-21 06:36:46', '2024-11-21 06:36:46'),
	('-XHqd3enPsfEdh-lkJMFaOSSpSCpjKOo', '2024-11-26 19:54:09', '{"cookie":{"originalMaxAge":604800000,"expires":"2024-11-26T19:54:09.285Z","secure":false,"httpOnly":true,"path":"/","sameSite":"lax"}}', '2024-11-19 19:54:09', '2024-11-19 19:54:09'),
	('00iKjfllrSZxlF4HoKtmyI_UI0Yof1oP', '2024-11-27 22:36:42', '{"cookie":{"originalMaxAge":604800000,"expires":"2024-11-27T22:36:42.878Z","secure":false,"httpOnly":true,"path":"/","sameSite":"lax"}}', '2024-11-20 22:36:42', '2024-11-20 22:36:42'),
	('04Hs6DVoQmi4o-gPCedVU_cnUlphqf_8', '2024-11-28 04:27:06', '{"cookie":{"originalMaxAge":604800000,"expires":"2024-11-28T04:27:06.100Z","secure":false,"httpOnly":true,"path":"/","sameSite":"lax"}}', '2024-11-21 04:27:06', '2024-11-21 04:27:06'),
	('0BHXaVP3JqXeUCUPCCUA4tsKn94K_l6J', '2024-11-27 20:06:59', '{"cookie":{"originalMaxAge":604800000,"expires":"2024-11-27T20:06:59.818Z","secure":false,"httpOnly":true,"path":"/","sameSite":"lax"}}', '2024-11-20 20:06:59', '2024-11-20 20:06:59'),
	('0t2xMYRDV3-sPEzfU8bsnisk-DIGMoiy', '2024-11-28 07:00:08', '{"cookie":{"originalMaxAge":604800000,"expires":"2024-11-28T07:00:08.657Z","secure":false,"httpOnly":true,"path":"/","sameSite":"lax"}}', '2024-11-21 07:00:08', '2024-11-21 07:00:08'),
	('0YiegKOW6W4w7Pwy0uHbNVzUOiGkSSTi', '2024-11-28 06:36:46', '{"cookie":{"originalMaxAge":604800000,"expires":"2024-11-28T06:36:46.086Z","secure":false,"httpOnly":true,"path":"/","sameSite":"lax"}}', '2024-11-21 06:36:46', '2024-11-21 06:36:46'),
	('16oFmtZXlQ1UGyfgm_rWv6H6bjQ2kEZY', '2024-11-27 19:11:16', '{"cookie":{"originalMaxAge":604800000,"expires":"2024-11-27T19:11:16.444Z","secure":false,"httpOnly":true,"path":"/","sameSite":"lax"}}', '2024-11-20 19:11:16', '2024-11-20 19:11:16'),
	('1kP0-SPSnaKeQn7jbZ5RFYl_RSMFuxEG', '2024-11-28 07:01:22', '{"cookie":{"originalMaxAge":604800000,"expires":"2024-11-28T07:01:22.020Z","secure":false,"httpOnly":true,"path":"/","sameSite":"lax"}}', '2024-11-21 07:01:22', '2024-11-21 07:01:22'),
	('1LLm4WJAsWIdHk4Y9y5Ov9s-l7xM8ZVj', '2024-11-28 04:27:35', '{"cookie":{"originalMaxAge":604800000,"expires":"2024-11-28T04:27:35.350Z","secure":false,"httpOnly":true,"path":"/","sameSite":"lax"}}', '2024-11-21 04:27:35', '2024-11-21 04:27:35'),
	('1nzZq8GqQjdCiGGQS9-SewwbgJb5cSke', '2024-11-28 06:36:26', '{"cookie":{"originalMaxAge":604800000,"expires":"2024-11-28T06:36:26.246Z","secure":false,"httpOnly":true,"path":"/","sameSite":"lax"}}', '2024-11-21 06:36:26', '2024-11-21 06:36:26'),
	('1S-I-1Dc31ZyeUMzcbUkBFHnmCDV4LPu', '2024-11-27 20:06:34', '{"cookie":{"originalMaxAge":604800000,"expires":"2024-11-27T20:06:34.565Z","secure":false,"httpOnly":true,"path":"/","sameSite":"lax"}}', '2024-11-20 20:06:34', '2024-11-20 20:06:34'),
	('25Sf1q8qgHpIDUGiPKUUaW9nolCeLIXR', '2024-11-28 06:44:37', '{"cookie":{"originalMaxAge":604800000,"expires":"2024-11-28T06:44:37.779Z","secure":false,"httpOnly":true,"path":"/","sameSite":"lax"}}', '2024-11-21 06:44:37', '2024-11-21 06:44:37'),
	('29uO8u3BsLmNENYOGT-Oq0GIrWnikRqs', '2024-11-27 19:57:01', '{"cookie":{"originalMaxAge":604800000,"expires":"2024-11-27T19:57:01.761Z","secure":false,"httpOnly":true,"path":"/","sameSite":"lax"}}', '2024-11-20 19:57:01', '2024-11-20 19:57:01'),
	('2eCypc00RBLJlCJ3GrAahTTvJe9zpYmG', '2024-11-27 20:07:03', '{"cookie":{"originalMaxAge":604800000,"expires":"2024-11-27T20:07:03.358Z","secure":false,"httpOnly":true,"path":"/","sameSite":"lax"}}', '2024-11-20 20:07:03', '2024-11-20 20:07:03'),
	('2F3iQhInc9DMw86HWq0RssZBLvrs0GLk', '2024-11-28 06:56:10', '{"cookie":{"originalMaxAge":604800000,"expires":"2024-11-28T06:56:10.567Z","secure":false,"httpOnly":true,"path":"/","sameSite":"lax"}}', '2024-11-21 06:56:10', '2024-11-21 06:56:10'),
	('2HUI_gAoLirkkmAHrSizNU239w5MPwMj', '2024-11-28 04:27:06', '{"cookie":{"originalMaxAge":604800000,"expires":"2024-11-28T04:27:06.113Z","secure":false,"httpOnly":true,"path":"/","sameSite":"lax"}}', '2024-11-21 04:27:06', '2024-11-21 04:27:06'),
	('2kIqWFWU5aAEUbkMjpeopgHjj6NgP10y', '2024-11-27 20:18:23', '{"cookie":{"originalMaxAge":604800000,"expires":"2024-11-27T20:18:23.936Z","secure":false,"httpOnly":true,"path":"/","sameSite":"lax"}}', '2024-11-20 20:18:23', '2024-11-20 20:18:23'),
	('2KT71dB2VEgeXxlXpS9ZKl97rUJYRa7e', '2024-11-27 19:39:55', '{"cookie":{"originalMaxAge":604800000,"expires":"2024-11-27T19:39:55.873Z","secure":false,"httpOnly":true,"path":"/","sameSite":"lax"}}', '2024-11-20 19:39:55', '2024-11-20 19:39:55'),
	('2tf9o6Dc2KgWrFbRDAZePNa1BctGDFP2', '2024-11-28 06:36:26', '{"cookie":{"originalMaxAge":604800000,"expires":"2024-11-28T06:36:26.258Z","secure":false,"httpOnly":true,"path":"/","sameSite":"lax"}}', '2024-11-21 06:36:26', '2024-11-21 06:36:26'),
	('2XYRmIl9_1oUeJzW7aiAYEDbUVXJgUHx', '2024-11-28 04:36:45', '{"cookie":{"originalMaxAge":604800000,"expires":"2024-11-28T04:36:45.950Z","secure":false,"httpOnly":true,"path":"/","sameSite":"lax"}}', '2024-11-21 04:36:45', '2024-11-21 04:36:45'),
	('30K8G5GvWA-6Gp3bR7DgGesnw-YzLpRt', '2024-11-28 06:48:24', '{"cookie":{"originalMaxAge":604800000,"expires":"2024-11-28T06:48:24.808Z","secure":false,"httpOnly":true,"path":"/","sameSite":"lax"}}', '2024-11-21 06:48:24', '2024-11-21 06:48:24'),
	('3ErYz8tM_TTVchlUOEDPQudbbhqr_YFn', '2024-11-27 03:53:46', '{"cookie":{"originalMaxAge":604800000,"expires":"2024-11-27T03:53:46.014Z","secure":false,"httpOnly":true,"path":"/","sameSite":"lax"}}', '2024-11-20 03:53:46', '2024-11-20 03:53:46'),
	('3gJHhxUPEH_-orcLvWAxCyHDRMx04AZO', '2024-11-28 04:15:21', '{"cookie":{"originalMaxAge":604800000,"expires":"2024-11-28T04:15:21.318Z","secure":false,"httpOnly":true,"path":"/","sameSite":"lax"}}', '2024-11-21 04:15:21', '2024-11-21 04:15:21'),
	('3n0hUjCJzWUHv6yMhE9uN3VqfPmMlaCU', '2024-11-28 06:43:54', '{"cookie":{"originalMaxAge":604800000,"expires":"2024-11-28T06:43:54.979Z","secure":false,"httpOnly":true,"path":"/","sameSite":"lax"}}', '2024-11-21 06:43:54', '2024-11-21 06:43:54'),
	('3qkWn_zvb0xHbp1XvMHdKGpYqkHCKYar', '2024-11-28 06:37:49', '{"cookie":{"originalMaxAge":604800000,"expires":"2024-11-28T06:37:48.863Z","secure":false,"httpOnly":true,"path":"/","sameSite":"lax"}}', '2024-11-21 06:37:48', '2024-11-21 06:37:49'),
	('4-0072O2mLJEOznuqHRAvoT2FW9dVYT_', '2024-11-28 04:37:10', '{"cookie":{"originalMaxAge":604800000,"expires":"2024-11-28T04:37:10.151Z","secure":false,"httpOnly":true,"path":"/","sameSite":"lax"}}', '2024-11-21 04:37:10', '2024-11-21 04:37:10'),
	('4EpL-BEb-HVgR9E02-jmp8s27JB2sWPn', '2024-11-28 06:44:26', '{"cookie":{"originalMaxAge":604800000,"expires":"2024-11-28T06:44:26.504Z","secure":false,"httpOnly":true,"path":"/","sameSite":"lax"}}', '2024-11-21 06:44:26', '2024-11-21 06:44:26'),
	('4mlRDU8ICfF2F2B4yGuHWEY4jb33iTg-', '2024-11-28 07:02:59', '{"cookie":{"originalMaxAge":604800000,"expires":"2024-11-28T07:02:59.821Z","secure":false,"httpOnly":true,"path":"/","sameSite":"lax"}}', '2024-11-21 07:02:59', '2024-11-21 07:02:59'),
	('4PEz2-HUa7CsLz7OfqvZ6siICLVITPt4', '2024-11-28 06:44:39', '{"cookie":{"originalMaxAge":604800000,"expires":"2024-11-28T06:44:39.915Z","secure":false,"httpOnly":true,"path":"/","sameSite":"lax"}}', '2024-11-21 06:44:39', '2024-11-21 06:44:39'),
	('5_GHSb_-sk4wQsvLXeHj1S6-66qlwck9', '2024-11-28 06:44:06', '{"cookie":{"originalMaxAge":604800000,"expires":"2024-11-28T06:44:06.084Z","secure":false,"httpOnly":true,"path":"/","sameSite":"lax"}}', '2024-11-21 06:44:06', '2024-11-21 06:44:06'),
	('5CQtY2RldKAH9ne8rMl6UArHe4FHT7d8', '2024-11-28 06:43:47', '{"cookie":{"originalMaxAge":604800000,"expires":"2024-11-28T06:43:47.939Z","secure":false,"httpOnly":true,"path":"/","sameSite":"lax"}}', '2024-11-21 06:43:47', '2024-11-21 06:43:47'),
	('5d6F_gUSnsmLOXTLmFlAGiyDrdM8WpME', '2024-11-28 06:48:13', '{"cookie":{"originalMaxAge":604800000,"expires":"2024-11-28T06:48:13.540Z","secure":false,"httpOnly":true,"path":"/","sameSite":"lax"}}', '2024-11-21 06:48:13', '2024-11-21 06:48:13'),
	('5fc76khw2wvrtydrvH989pzgyfRXPNSv', '2024-11-28 07:03:10', '{"cookie":{"originalMaxAge":604800000,"expires":"2024-11-28T07:03:10.877Z","secure":false,"httpOnly":true,"path":"/","sameSite":"lax"}}', '2024-11-21 07:03:10', '2024-11-21 07:03:10'),
	('5GKWktf_XjG-bDIhlcTD5uq2IoEG2AHo', '2024-11-27 19:32:10', '{"cookie":{"originalMaxAge":604800000,"expires":"2024-11-27T19:32:10.951Z","secure":false,"httpOnly":true,"path":"/","sameSite":"lax"}}', '2024-11-20 19:32:10', '2024-11-20 19:32:10'),
	('5pGnAcSU4HSpcZbPvFiqvIGHoQn_KYh2', '2024-11-27 21:11:37', '{"cookie":{"originalMaxAge":604800000,"expires":"2024-11-27T21:11:37.352Z","secure":false,"httpOnly":true,"path":"/","sameSite":"lax"}}', '2024-11-20 21:11:37', '2024-11-20 21:11:37'),
	('5sHmaqxkaHgdi9iWDU14AsAA9pcK6YcJ', '2024-11-28 06:44:19', '{"cookie":{"originalMaxAge":604800000,"expires":"2024-11-28T06:44:19.999Z","secure":false,"httpOnly":true,"path":"/","sameSite":"lax"}}', '2024-11-21 06:44:20', '2024-11-21 06:44:20'),
	('5ZWb-9gR1QdpnyfqwiPP4y0ydyI7I_wO', '2024-11-27 19:42:52', '{"cookie":{"originalMaxAge":604800000,"expires":"2024-11-27T19:42:52.413Z","secure":false,"httpOnly":true,"path":"/","sameSite":"lax"}}', '2024-11-20 19:42:52', '2024-11-20 19:42:52'),
	('68x9KxKyKc2gjSIlqMr6OPKXzBvXQDH7', '2024-11-28 04:15:21', '{"cookie":{"originalMaxAge":604800000,"expires":"2024-11-28T04:15:21.331Z","secure":false,"httpOnly":true,"path":"/","sameSite":"lax"}}', '2024-11-21 04:15:21', '2024-11-21 04:15:21'),
	('6CDUnRcBg3r8_Wnjp7-yCn3yPIKA26en', '2024-11-26 19:54:09', '{"cookie":{"originalMaxAge":604800000,"expires":"2024-11-26T19:54:09.315Z","secure":false,"httpOnly":true,"path":"/","sameSite":"lax"}}', '2024-11-19 19:54:09', '2024-11-19 19:54:09'),
	('6GOZqaMdTcC-FGJtU_I11rOEq5P-p5NS', '2024-11-28 06:44:06', '{"cookie":{"originalMaxAge":604800000,"expires":"2024-11-28T06:44:06.057Z","secure":false,"httpOnly":true,"path":"/","sameSite":"lax"}}', '2024-11-21 06:44:06', '2024-11-21 06:44:06'),
	('6Qs4OZTI27M4RoZsp5bE-FfMsbZSzoMx', '2024-11-27 20:18:26', '{"cookie":{"originalMaxAge":604800000,"expires":"2024-11-27T20:18:26.185Z","secure":false,"httpOnly":true,"path":"/","sameSite":"lax"}}', '2024-11-20 20:18:26', '2024-11-20 20:18:26'),
	('7bCKiLhMAXiBa2wqThNxt2nWPDOc4mbv', '2024-11-28 04:37:08', '{"cookie":{"originalMaxAge":604800000,"expires":"2024-11-28T04:37:08.107Z","secure":false,"httpOnly":true,"path":"/","sameSite":"lax"}}', '2024-11-21 04:37:08', '2024-11-21 04:37:08'),
	('7f6ptpZ1jv26TJ_N4vf0lOsW4jy9raf5', '2024-11-27 19:43:00', '{"cookie":{"originalMaxAge":604800000,"expires":"2024-11-27T19:43:00.198Z","secure":false,"httpOnly":true,"path":"/","sameSite":"lax"}}', '2024-11-20 19:43:00', '2024-11-20 19:43:00'),
	('7ITj65PlzTTk0PcPa96UhAvDelTpXZlk', '2024-11-27 20:14:13', '{"cookie":{"originalMaxAge":604800000,"expires":"2024-11-27T20:14:13.215Z","secure":false,"httpOnly":true,"path":"/","sameSite":"lax"}}', '2024-11-20 20:14:13', '2024-11-20 20:14:13'),
	('7p1SzBgaPDFsrX1M-17_MXK_xpiqjlta', '2024-11-26 20:11:11', '{"cookie":{"originalMaxAge":604800000,"expires":"2024-11-26T20:11:11.211Z","secure":false,"httpOnly":true,"path":"/","sameSite":"lax"}}', '2024-11-19 20:11:11', '2024-11-19 20:11:11'),
	('7t8Jc5l9z30YpH8qjtO0nKiDa0XcdKLO', '2024-11-28 06:43:51', '{"cookie":{"originalMaxAge":604800000,"expires":"2024-11-28T06:43:51.024Z","secure":false,"httpOnly":true,"path":"/","sameSite":"lax"}}', '2024-11-21 06:43:51', '2024-11-21 06:43:51'),
	('8R1EdJjjUIZwjzD_DpCEMTxrtft0Bg4I', '2024-11-27 19:57:13', '{"cookie":{"originalMaxAge":604800000,"expires":"2024-11-27T19:57:13.304Z","secure":false,"httpOnly":true,"path":"/","sameSite":"lax"}}', '2024-11-20 19:57:13', '2024-11-20 19:57:13'),
	('97pcm-cX438r9V6TAcj1IXptcVqm2CQc', '2024-11-27 20:06:44', '{"cookie":{"originalMaxAge":604800000,"expires":"2024-11-27T20:06:44.953Z","secure":false,"httpOnly":true,"path":"/","sameSite":"lax"}}', '2024-11-20 20:06:44', '2024-11-20 20:06:44'),
	('9CBWceksngmAb1nsDEj7nipiaNL-CqBY', '2024-11-27 20:18:19', '{"cookie":{"originalMaxAge":604800000,"expires":"2024-11-27T20:18:19.452Z","secure":false,"httpOnly":true,"path":"/","sameSite":"lax"}}', '2024-11-20 20:18:19', '2024-11-20 20:18:19'),
	('9L2YBDFcakR-knawkDiqcAsneHT8pz4F', '2024-11-28 06:35:44', '{"cookie":{"originalMaxAge":604800000,"expires":"2024-11-28T06:35:44.193Z","secure":false,"httpOnly":true,"path":"/","sameSite":"lax"}}', '2024-11-21 06:35:44', '2024-11-21 06:35:44'),
	('9QyymiUlLWyX2XRZgjipyC5CsU22-ogV', '2024-11-27 20:07:09', '{"cookie":{"originalMaxAge":604800000,"expires":"2024-11-27T20:07:09.179Z","secure":false,"httpOnly":true,"path":"/","sameSite":"lax"}}', '2024-11-20 20:07:09', '2024-11-20 20:07:09'),
	('9wbLnKDftcH6P6h_RmCxaNFRlSvPhapj', '2024-11-28 07:00:07', '{"cookie":{"originalMaxAge":604800000,"expires":"2024-11-28T07:00:07.161Z","secure":false,"httpOnly":true,"path":"/","sameSite":"lax"}}', '2024-11-21 07:00:07', '2024-11-21 07:00:07'),
	('A-Cd5BT4q9nhvlWOHEzGddrvB_XnjvMF', '2024-11-28 04:37:10', '{"cookie":{"originalMaxAge":604800000,"expires":"2024-11-28T04:37:10.119Z","secure":false,"httpOnly":true,"path":"/","sameSite":"lax"}}', '2024-11-21 04:37:10', '2024-11-21 04:37:10'),
	('A9ejHEyyU0W_dGUGIhUXwB7wx_NEKq8P', '2024-11-28 06:36:46', '{"cookie":{"originalMaxAge":604800000,"expires":"2024-11-28T06:36:46.091Z","secure":false,"httpOnly":true,"path":"/","sameSite":"lax"}}', '2024-11-21 06:36:46', '2024-11-21 06:36:46'),
	('aDuPajrgjYRdzYzYiFr8s9pSW6RXintG', '2024-11-28 06:37:49', '{"cookie":{"originalMaxAge":604800000,"expires":"2024-11-28T06:37:48.903Z","secure":false,"httpOnly":true,"path":"/","sameSite":"lax"}}', '2024-11-21 06:37:48', '2024-11-21 06:37:49'),
	('aE1yt9uFMr2bxj7u1MlnlrJ1lcQtubvU', '2024-11-27 20:14:12', '{"cookie":{"originalMaxAge":604800000,"expires":"2024-11-27T20:14:12.104Z","secure":false,"httpOnly":true,"path":"/","sameSite":"lax"}}', '2024-11-20 20:14:12', '2024-11-20 20:14:12'),
	('AEGgHHexPH0ACxzf2F2wPcOE2uC0CNuF', '2024-11-27 20:06:09', '{"cookie":{"originalMaxAge":604800000,"expires":"2024-11-27T20:06:09.510Z","secure":false,"httpOnly":true,"path":"/","sameSite":"lax"}}', '2024-11-20 20:06:09', '2024-11-20 20:06:09'),
	('aGxduxJduwTQ238JqT5cn2LiLEE6PgbI', '2024-11-28 06:24:21', '{"cookie":{"originalMaxAge":604800000,"expires":"2024-11-28T06:24:21.872Z","secure":false,"httpOnly":true,"path":"/","sameSite":"lax"}}', '2024-11-21 06:24:21', '2024-11-21 06:24:21'),
	('ai_4much9iI83NYgQK1_zFueqf1qjpEh', '2024-11-27 19:32:16', '{"cookie":{"originalMaxAge":604800000,"expires":"2024-11-27T19:32:16.868Z","secure":false,"httpOnly":true,"path":"/","sameSite":"lax"}}', '2024-11-20 19:32:16', '2024-11-20 19:32:16'),
	('ai99FuYMUoxVjxVshBi_WNHTU8ExQJK9', '2024-11-27 21:10:45', '{"cookie":{"originalMaxAge":604800000,"expires":"2024-11-27T21:10:45.956Z","secure":false,"httpOnly":true,"path":"/","sameSite":"lax"}}', '2024-11-20 21:10:45', '2024-11-20 21:10:45'),
	('ap8N-40mpdehLjnJTw9-inU-mXNBvQeP', '2024-11-28 06:58:31', '{"cookie":{"originalMaxAge":604800000,"expires":"2024-11-28T06:58:31.743Z","secure":false,"httpOnly":true,"path":"/","sameSite":"lax"}}', '2024-11-21 06:58:31', '2024-11-21 06:58:31'),
	('Au5d-GyerXKv68B8xUeJ0mxNqWR7Qnv8', '2024-11-27 20:18:11', '{"cookie":{"originalMaxAge":604800000,"expires":"2024-11-27T20:18:11.971Z","secure":false,"httpOnly":true,"path":"/","sameSite":"lax"}}', '2024-11-20 20:18:11', '2024-11-20 20:18:11'),
	('AV91l8KbX6GIg1moJQsn1mhBPPAtuTXY', '2024-11-27 20:06:38', '{"cookie":{"originalMaxAge":604800000,"expires":"2024-11-27T20:06:38.077Z","secure":false,"httpOnly":true,"path":"/","sameSite":"lax"}}', '2024-11-20 20:06:38', '2024-11-20 20:06:38'),
	('AvNDspBhzh4_NXIMdN7QQhcZG5ae8FG5', '2024-11-27 21:11:35', '{"cookie":{"originalMaxAge":604800000,"expires":"2024-11-27T21:11:35.506Z","secure":false,"httpOnly":true,"path":"/","sameSite":"lax"}}', '2024-11-20 21:11:35', '2024-11-20 21:11:35'),
	('aXR7nbvRcOW0g7uLs4WsNXmEB_VpPmdo', '2024-11-27 19:53:41', '{"cookie":{"originalMaxAge":604800000,"expires":"2024-11-27T19:53:41.506Z","secure":false,"httpOnly":true,"path":"/","sameSite":"lax"}}', '2024-11-20 19:53:41', '2024-11-20 19:53:41'),
	('AxrSjj5As9v75z2BR_wJTibiu6gxaQB6', '2024-11-27 21:11:33', '{"cookie":{"originalMaxAge":604800000,"expires":"2024-11-27T21:11:33.160Z","secure":false,"httpOnly":true,"path":"/","sameSite":"lax"}}', '2024-11-20 21:11:33', '2024-11-20 21:11:33'),
	('biQuI-eB11QR5lgvEhxmpeF_VRMV0d78', '2024-11-28 04:36:54', '{"cookie":{"originalMaxAge":604800000,"expires":"2024-11-28T04:36:54.892Z","secure":false,"httpOnly":true,"path":"/","sameSite":"lax"}}', '2024-11-21 04:36:54', '2024-11-21 04:36:54'),
	('bkmu167GBJ5R2a7wckK2Q76XBsu2OHJI', '2024-11-27 01:17:31', '{"cookie":{"originalMaxAge":604800000,"expires":"2024-11-27T01:17:31.758Z","secure":false,"httpOnly":true,"path":"/","sameSite":"lax"}}', '2024-11-20 01:17:31', '2024-11-20 01:17:31'),
	('BmO9KB02rU-DU1wU6WmlJlqT3nos9B11', '2024-11-27 19:30:21', '{"cookie":{"originalMaxAge":604800000,"expires":"2024-11-27T19:30:21.012Z","secure":false,"httpOnly":true,"path":"/","sameSite":"lax"}}', '2024-11-20 19:30:21', '2024-11-20 19:30:21'),
	('c2Cu7LFkUy8es3ITrpBZ05Ibd1BCxflO', '2024-11-27 19:57:14', '{"cookie":{"originalMaxAge":604800000,"expires":"2024-11-27T19:57:14.860Z","secure":false,"httpOnly":true,"path":"/","sameSite":"lax"}}', '2024-11-20 19:57:14', '2024-11-20 19:57:14'),
	('C76B0fqCF2wifkQ0vSh7MaZmX9XLsSVD', '2024-11-28 04:36:04', '{"cookie":{"originalMaxAge":604800000,"expires":"2024-11-28T04:36:04.971Z","secure":false,"httpOnly":true,"path":"/","sameSite":"lax"}}', '2024-11-21 04:36:04', '2024-11-21 04:36:04'),
	('CGLjQLYFcdrYaKQWlNF6oXMnaVHR4d3z', '2024-11-27 20:13:55', '{"cookie":{"originalMaxAge":604800000,"expires":"2024-11-27T20:13:55.017Z","secure":false,"httpOnly":true,"path":"/","sameSite":"lax"}}', '2024-11-20 20:13:55', '2024-11-20 20:13:55'),
	('CjJVelwEpi0kvK4mlo6HMc5S8YDdRzFs', '2024-11-28 04:14:37', '{"cookie":{"originalMaxAge":604800000,"expires":"2024-11-28T04:14:36.846Z","secure":false,"httpOnly":true,"path":"/","sameSite":"lax"}}', '2024-11-21 04:14:36', '2024-11-21 04:14:37'),
	('Clm1vGrGkXcoIZxnMIHmdD5quFuM8mcZ', '2024-11-28 04:36:45', '{"cookie":{"originalMaxAge":604799999,"expires":"2024-11-28T04:36:45.888Z","secure":false,"httpOnly":true,"path":"/","sameSite":"lax"}}', '2024-11-21 04:36:45', '2024-11-21 04:36:45'),
	('cLQsKMVF6QQ_fgPaPQxPJ3b_CyCJiD6t', '2024-11-27 18:15:12', '{"cookie":{"originalMaxAge":604800000,"expires":"2024-11-27T18:15:12.425Z","secure":false,"httpOnly":true,"path":"/","sameSite":"lax"}}', '2024-11-20 18:15:12', '2024-11-20 18:15:12'),
	('crFKxPfvI7YvMFQC6hmhuk3HQQWlAlFQ', '2024-11-27 20:14:11', '{"cookie":{"originalMaxAge":604800000,"expires":"2024-11-27T20:14:11.083Z","secure":false,"httpOnly":true,"path":"/","sameSite":"lax"}}', '2024-11-20 20:14:11', '2024-11-20 20:14:11'),
	('CsONhKQMH12AT767POAPodykwoktFX32', '2024-11-27 20:17:59', '{"cookie":{"originalMaxAge":604800000,"expires":"2024-11-27T20:17:59.012Z","secure":false,"httpOnly":true,"path":"/","sameSite":"lax"}}', '2024-11-20 20:17:59', '2024-11-20 20:17:59'),
	('CU8USR1TLTPKPefy8A-PBcPDeQAq0fww', '2024-11-27 19:43:01', '{"cookie":{"originalMaxAge":604800000,"expires":"2024-11-27T19:43:01.346Z","secure":false,"httpOnly":true,"path":"/","sameSite":"lax"}}', '2024-11-20 19:43:01', '2024-11-20 19:43:01'),
	('D7prDseV5o_FR1ma9JKDk1I_IJ3w-3DK', '2024-11-27 20:18:28', '{"cookie":{"originalMaxAge":604800000,"expires":"2024-11-27T20:18:28.053Z","secure":false,"httpOnly":true,"path":"/","sameSite":"lax"}}', '2024-11-20 20:18:28', '2024-11-20 20:18:28'),
	('D84M0EbgWz8XwUzF3onz09IqQb4Ei6oE', '2024-12-01 22:46:29', '{"cookie":{"originalMaxAge":604800000,"expires":"2024-12-01T22:46:28.843Z","secure":false,"httpOnly":true,"path":"/","sameSite":"lax"}}', '2024-11-24 22:46:28', '2024-11-24 22:46:29'),
	('dDzyYRkbq2Z5dxBFvqvtyetbhTIjNoDF', '2024-11-28 06:35:44', '{"cookie":{"originalMaxAge":604800000,"expires":"2024-11-28T06:35:44.178Z","secure":false,"httpOnly":true,"path":"/","sameSite":"lax"}}', '2024-11-21 06:35:44', '2024-11-21 06:35:44'),
	('DLAbzw5ro4q6gwyx8504M6LZPcSf9FC2', '2024-11-27 19:12:38', '{"cookie":{"originalMaxAge":604800000,"expires":"2024-11-27T19:12:38.177Z","secure":false,"httpOnly":true,"path":"/","sameSite":"lax"}}', '2024-11-20 19:12:38', '2024-11-20 19:12:38'),
	('dnN2-T_q8C25ilnS0ZYBUpWU4__ylnkD', '2024-11-28 06:37:49', '{"cookie":{"originalMaxAge":604800000,"expires":"2024-11-28T06:37:48.814Z","secure":false,"httpOnly":true,"path":"/","sameSite":"lax"}}', '2024-11-21 06:37:48', '2024-11-21 06:37:49'),
	('DOnEEbSugINmzEZ_qSkKz3j6ZXS5JUJQ', '2024-11-27 01:17:31', '{"cookie":{"originalMaxAge":604800000,"expires":"2024-11-27T01:17:31.812Z","secure":false,"httpOnly":true,"path":"/","sameSite":"lax"}}', '2024-11-20 01:17:31', '2024-11-20 01:17:31'),
	('dZdevVV_th-s415z7nG2_Wm7OUmgFR3Z', '2024-11-27 22:39:04', '{"cookie":{"originalMaxAge":604800000,"expires":"2024-11-27T22:39:04.086Z","secure":false,"httpOnly":true,"path":"/","sameSite":"lax"}}', '2024-11-20 22:39:04', '2024-11-20 22:39:04'),
	('e-Gxm600lKVTdS9LKdVTC67vtG7SYuKl', '2024-11-27 19:56:48', '{"cookie":{"originalMaxAge":604800000,"expires":"2024-11-27T19:56:48.010Z","secure":false,"httpOnly":true,"path":"/","sameSite":"lax"}}', '2024-11-20 19:56:48', '2024-11-20 19:56:48'),
	('e2WAcsB5ZmMzQOuFGKB4OkhQrvHh7MmJ', '2024-11-28 06:44:06', '{"cookie":{"originalMaxAge":604800000,"expires":"2024-11-28T06:44:06.108Z","secure":false,"httpOnly":true,"path":"/","sameSite":"lax"}}', '2024-11-21 06:44:06', '2024-11-21 06:44:06'),
	('ECico-lb2VHaI4f3OqSEl3lf7CQTgXwK', '2024-11-28 06:44:21', '{"cookie":{"originalMaxAge":604800000,"expires":"2024-11-28T06:44:21.256Z","secure":false,"httpOnly":true,"path":"/","sameSite":"lax"}}', '2024-11-21 06:44:21', '2024-11-21 06:44:21'),
	('ed9wY3XpPQaB7nYath2zTNfmZD-X_Yy5', '2024-11-27 21:11:37', '{"cookie":{"originalMaxAge":604800000,"expires":"2024-11-27T21:11:37.410Z","secure":false,"httpOnly":true,"path":"/","sameSite":"lax"}}', '2024-11-20 21:11:37', '2024-11-20 21:11:37'),
	('eFRPwbztF07xG0smn_XS9aSVbvHbk_G9', '2024-11-28 06:44:01', '{"cookie":{"originalMaxAge":604800000,"expires":"2024-11-28T06:44:01.451Z","secure":false,"httpOnly":true,"path":"/","sameSite":"lax"}}', '2024-11-21 06:44:01', '2024-11-21 06:44:01'),
	('EHeRlIviCPCYzq2-RtTt0d9cx-LN1GDz', '2024-11-28 04:15:21', '{"cookie":{"originalMaxAge":604800000,"expires":"2024-11-28T04:15:21.308Z","secure":false,"httpOnly":true,"path":"/","sameSite":"lax"}}', '2024-11-21 04:15:21', '2024-11-21 04:15:21'),
	('EiWOLmttbRE2-kUXvZgrwRZVRvQ6PSMt', '2024-11-27 20:06:57', '{"cookie":{"originalMaxAge":604800000,"expires":"2024-11-27T20:06:57.969Z","secure":false,"httpOnly":true,"path":"/","sameSite":"lax"}}', '2024-11-20 20:06:57', '2024-11-20 20:06:57'),
	('EJBhxMnTrsl9MYrS1DlwtSNWqUlDGotp', '2024-11-27 22:36:42', '{"cookie":{"originalMaxAge":604800000,"expires":"2024-11-27T22:36:42.934Z","secure":false,"httpOnly":true,"path":"/","sameSite":"lax"}}', '2024-11-20 22:36:42', '2024-11-20 22:36:42'),
	('eRggcE3NcrFx4n5hgpPX0ajDvdFARo_g', '2024-11-28 04:36:52', '{"cookie":{"originalMaxAge":604800000,"expires":"2024-11-28T04:36:52.602Z","secure":false,"httpOnly":true,"path":"/","sameSite":"lax"}}', '2024-11-21 04:36:52', '2024-11-21 04:36:52'),
	('erwXvSyZVo1W8PhzUQis6rE3dhLG7i0j', '2024-11-28 07:00:12', '{"cookie":{"originalMaxAge":604800000,"expires":"2024-11-28T07:00:12.051Z","secure":false,"httpOnly":true,"path":"/","sameSite":"lax"}}', '2024-11-21 07:00:12', '2024-11-21 07:00:12'),
	('EvkPkB3sGETuwh0nC14h3ymYbw2BVV9R', '2024-11-27 21:11:33', '{"cookie":{"originalMaxAge":604800000,"expires":"2024-11-27T21:11:33.135Z","secure":false,"httpOnly":true,"path":"/","sameSite":"lax"}}', '2024-11-20 21:11:33', '2024-11-20 21:11:33'),
	('ExK_A-SxPLepuFKjftGRMeCZNVxJCwUh', '2024-11-28 06:38:22', '{"cookie":{"originalMaxAge":604800000,"expires":"2024-11-28T06:38:22.184Z","secure":false,"httpOnly":true,"path":"/","sameSite":"lax"}}', '2024-11-21 06:38:22', '2024-11-21 06:38:22'),
	('exM451xEmrnCGleC8v3gZy_wtz63rXbn', '2024-11-27 22:11:38', '{"cookie":{"originalMaxAge":604800000,"expires":"2024-11-27T22:11:38.496Z","secure":false,"httpOnly":true,"path":"/","sameSite":"lax"}}', '2024-11-20 22:11:38', '2024-11-20 22:11:38'),
	('F-4_942_DQH0erHbo8sPMrDWK2VoCsz1', '2024-11-28 06:48:27', '{"cookie":{"originalMaxAge":604800000,"expires":"2024-11-28T06:48:27.279Z","secure":false,"httpOnly":true,"path":"/","sameSite":"lax"}}', '2024-11-21 06:48:27', '2024-11-21 06:48:27'),
	('fDXDdN8IEW6vYpSxwnGwNegRM8ESYHlN', '2024-11-28 07:01:20', '{"cookie":{"originalMaxAge":604800000,"expires":"2024-11-28T07:01:20.378Z","secure":false,"httpOnly":true,"path":"/","sameSite":"lax"}}', '2024-11-21 07:01:20', '2024-11-21 07:01:20'),
	('FH2v1wWkeI8yMYq--bAEP5jmqFE4cP5J', '2024-11-27 19:10:22', '{"cookie":{"originalMaxAge":604800000,"expires":"2024-11-27T19:10:22.721Z","secure":false,"httpOnly":true,"path":"/","sameSite":"lax"}}', '2024-11-20 19:10:22', '2024-11-20 19:10:22'),
	('fv5lXmaS-AHAbcG4gftEhDPYeTvzYuml', '2024-11-27 20:07:36', '{"cookie":{"originalMaxAge":604800000,"expires":"2024-11-27T20:07:36.511Z","secure":false,"httpOnly":true,"path":"/","sameSite":"lax"}}', '2024-11-20 20:07:36', '2024-11-20 20:07:36'),
	('FzIeYamM7hDZKjiJI9IMXk9M5wxUnLlD', '2024-11-27 19:56:50', '{"cookie":{"originalMaxAge":604800000,"expires":"2024-11-27T19:56:50.070Z","secure":false,"httpOnly":true,"path":"/","sameSite":"lax"}}', '2024-11-20 19:56:50', '2024-11-20 19:56:50'),
	('g2qM7CK6SDhx1-K8WLMyIJk05EgRFXU0', '2024-11-27 21:11:33', '{"cookie":{"originalMaxAge":604800000,"expires":"2024-11-27T21:11:33.192Z","secure":false,"httpOnly":true,"path":"/","sameSite":"lax"}}', '2024-11-20 21:11:33', '2024-11-20 21:11:33'),
	('G45KH8o5qsA3fLBdSvGDC24BgNMQj2up', '2024-11-27 19:44:28', '{"cookie":{"originalMaxAge":604800000,"expires":"2024-11-27T19:44:28.044Z","secure":false,"httpOnly":true,"path":"/","sameSite":"lax"}}', '2024-11-20 19:44:28', '2024-11-20 19:44:28'),
	('G4F90D8VUiJqKDKXlYO_tlSPVaUKbcCt', '2024-11-27 20:06:45', '{"cookie":{"originalMaxAge":604800000,"expires":"2024-11-27T20:06:45.744Z","secure":false,"httpOnly":true,"path":"/","sameSite":"lax"}}', '2024-11-20 20:06:45', '2024-11-20 20:06:45'),
	('gcQi89t0Z_jed1-_vFtZxMgL47_WP99E', '2024-11-27 19:53:43', '{"cookie":{"originalMaxAge":604800000,"expires":"2024-11-27T19:53:43.874Z","secure":false,"httpOnly":true,"path":"/","sameSite":"lax"}}', '2024-11-20 19:53:43', '2024-11-20 19:53:43'),
	('GcrH01SnJLWVxWwV0iZBNHJuyXyZGzk2', '2024-11-27 19:42:54', '{"cookie":{"originalMaxAge":604800000,"expires":"2024-11-27T19:42:54.151Z","secure":false,"httpOnly":true,"path":"/","sameSite":"lax"}}', '2024-11-20 19:42:54', '2024-11-20 19:42:54'),
	('gmAvcLG7JLg9oLm2KOjjt8Ybk7nCoB-X', '2024-11-28 07:03:04', '{"cookie":{"originalMaxAge":604800000,"expires":"2024-11-28T07:03:04.187Z","secure":false,"httpOnly":true,"path":"/","sameSite":"lax"}}', '2024-11-21 07:03:04', '2024-11-21 07:03:04'),
	('GmC4CqAsGreIhRdKpiI6lETHqnVsMijE', '2024-11-28 04:37:11', '{"cookie":{"originalMaxAge":604800000,"expires":"2024-11-28T04:37:11.151Z","secure":false,"httpOnly":true,"path":"/","sameSite":"lax"}}', '2024-11-21 04:37:11', '2024-11-21 04:37:11'),
	('GrSqLMkxUC-hz_NmrMzP6chYy4hs_DUN', '2024-12-01 22:46:28', '{"cookie":{"originalMaxAge":604800000,"expires":"2024-12-01T22:46:28.851Z","secure":false,"httpOnly":true,"path":"/","sameSite":"lax"}}', '2024-11-24 22:46:28', '2024-11-24 22:46:28'),
	('GUz7kc5ZlR-LlKBF10kBjz2jBWCyrFxF', '2024-11-28 06:44:27', '{"cookie":{"originalMaxAge":604800000,"expires":"2024-11-28T06:44:27.602Z","secure":false,"httpOnly":true,"path":"/","sameSite":"lax"}}', '2024-11-21 06:44:27', '2024-11-21 06:44:27'),
	('h2kHT9os93RK6TIUvCzwSrxjL91GLEka', '2024-11-27 19:30:03', '{"cookie":{"originalMaxAge":604800000,"expires":"2024-11-27T19:30:03.620Z","secure":false,"httpOnly":true,"path":"/","sameSite":"lax"}}', '2024-11-20 19:30:03', '2024-11-20 19:30:03'),
	('hcZIdQAd21iMU2N6FOC4yxlv-a4PSddi', '2024-11-28 06:40:44', '{"cookie":{"originalMaxAge":604800000,"expires":"2024-11-27T18:15:12.410Z","secure":false,"httpOnly":true,"path":"/","sameSite":"lax"}}', '2024-11-20 18:15:12', '2024-11-21 06:40:44'),
	('hEgkcvx2Pb1f6gBMzwa6O5gbcNo0FTSf', '2024-11-27 03:53:46', '{"cookie":{"originalMaxAge":604800000,"expires":"2024-11-27T03:53:46.059Z","secure":false,"httpOnly":true,"path":"/","sameSite":"lax"}}', '2024-11-20 03:53:46', '2024-11-20 03:53:46'),
	('hEjgZSHqCBICTtjRnra_2R44LVqpUidA', '2024-11-27 20:13:55', '{"cookie":{"originalMaxAge":604800000,"expires":"2024-11-27T20:13:55.840Z","secure":false,"httpOnly":true,"path":"/","sameSite":"lax"}}', '2024-11-20 20:13:55', '2024-11-20 20:13:55'),
	('hG1fhutwPfx_5CraDXNZSj_4ZCu6JeRq', '2024-11-27 20:06:32', '{"cookie":{"originalMaxAge":604800000,"expires":"2024-11-27T20:06:32.705Z","secure":false,"httpOnly":true,"path":"/","sameSite":"lax"}}', '2024-11-20 20:06:32', '2024-11-20 20:06:32'),
	('hJ-kX-cWwUZOfKUPzR5CR7r_ATsq_3Cq', '2024-11-28 04:27:06', '{"cookie":{"originalMaxAge":604800000,"expires":"2024-11-28T04:27:06.085Z","secure":false,"httpOnly":true,"path":"/","sameSite":"lax"}}', '2024-11-21 04:27:06', '2024-11-21 04:27:06'),
	('HK7AcbLXuHT85A4NFB_9L9-Xt4Gp0VNr', '2024-11-28 06:44:13', '{"cookie":{"originalMaxAge":604800000,"expires":"2024-11-28T06:44:13.941Z","secure":false,"httpOnly":true,"path":"/","sameSite":"lax"}}', '2024-11-21 06:44:13', '2024-11-21 06:44:13'),
	('hO9J9sbciKn2DATHNtCQMGhaGLtuW_5s', '2024-11-27 20:06:55', '{"cookie":{"originalMaxAge":604800000,"expires":"2024-11-27T20:06:55.811Z","secure":false,"httpOnly":true,"path":"/","sameSite":"lax"}}', '2024-11-20 20:06:55', '2024-11-20 20:06:55'),
	('Hu-gwCXwjAvlyUjV-t1aOlSbIpYIFJ5Z', '2024-11-27 21:11:24', '{"cookie":{"originalMaxAge":604800000,"expires":"2024-11-27T21:11:24.615Z","secure":false,"httpOnly":true,"path":"/","sameSite":"lax"}}', '2024-11-20 21:11:24', '2024-11-20 21:11:24'),
	('I3gLfZecbu5IXFaKd3nYQg-ZxAzilUrJ', '2024-11-27 20:07:09', '{"cookie":{"originalMaxAge":604800000,"expires":"2024-11-27T20:07:09.229Z","secure":false,"httpOnly":true,"path":"/","sameSite":"lax"}}', '2024-11-20 20:07:09', '2024-11-20 20:07:09'),
	('I5PUDknJg6yzOdz5xuDeIazQ9Yb9bX-9', '2024-11-27 19:12:24', '{"cookie":{"originalMaxAge":604800000,"expires":"2024-11-27T19:12:24.805Z","secure":false,"httpOnly":true,"path":"/","sameSite":"lax"}}', '2024-11-20 19:12:24', '2024-11-20 19:12:24'),
	('I6E5aGslI5LrbGXk3fmnS9Q7L33_SE88', '2024-11-28 06:44:05', '{"cookie":{"originalMaxAge":604800000,"expires":"2024-11-28T06:44:05.172Z","secure":false,"httpOnly":true,"path":"/","sameSite":"lax"}}', '2024-11-21 06:44:05', '2024-11-21 06:44:05'),
	('I8ArY917UH2jlutOkWphcC8GFCeEhsXe', '2024-11-27 19:14:34', '{"cookie":{"originalMaxAge":604800000,"expires":"2024-11-27T19:14:34.885Z","secure":false,"httpOnly":true,"path":"/","sameSite":"lax"}}', '2024-11-20 19:14:34', '2024-11-20 19:14:34'),
	('I8BVO9ccCYXWXYSZoXaqxXWSbCeYkZxk', '2024-11-28 06:38:22', '{"cookie":{"originalMaxAge":604800000,"expires":"2024-11-28T06:38:22.251Z","secure":false,"httpOnly":true,"path":"/","sameSite":"lax"}}', '2024-11-21 06:38:22', '2024-11-21 06:38:22'),
	('IB-z2FWTr1D8OVdrcoXCubWJ_chOk43z', '2024-11-28 07:02:39', '{"cookie":{"originalMaxAge":604800000,"expires":"2024-11-28T07:02:39.137Z","secure":false,"httpOnly":true,"path":"/","sameSite":"lax"}}', '2024-11-21 07:02:39', '2024-11-21 07:02:39'),
	('Ie9gZ8oT-F-h-3Arn-J7jqYLmova-DLS', '2024-11-28 06:43:38', '{"cookie":{"originalMaxAge":604800000,"expires":"2024-11-28T06:43:38.570Z","secure":false,"httpOnly":true,"path":"/","sameSite":"lax"}}', '2024-11-21 06:43:38', '2024-11-21 06:43:38'),
	('iehT2pbbDjjjbskCGRTxU-Wx9nb5l-57', '2024-11-27 20:18:14', '{"cookie":{"originalMaxAge":604800000,"expires":"2024-11-27T20:18:14.408Z","secure":false,"httpOnly":true,"path":"/","sameSite":"lax"}}', '2024-11-20 20:18:14', '2024-11-20 20:18:14'),
	('II8b6__fK3_hdLxWgQAqLiqBUUebIKa5', '2024-11-27 19:30:18', '{"cookie":{"originalMaxAge":604800000,"expires":"2024-11-27T19:30:18.430Z","secure":false,"httpOnly":true,"path":"/","sameSite":"lax"}}', '2024-11-20 19:30:18', '2024-11-20 19:30:18'),
	('ims8T2Q6BPunSv5NggRCfnFi2bbvaK73', '2024-11-27 19:42:47', '{"cookie":{"originalMaxAge":604800000,"expires":"2024-11-27T19:42:47.050Z","secure":false,"httpOnly":true,"path":"/","sameSite":"lax"}}', '2024-11-20 19:42:47', '2024-11-20 19:42:47'),
	('iNK4LHvLeHrae07KJ2v9lnVSd7ztIBHG', '2024-11-27 21:11:36', '{"cookie":{"originalMaxAge":604800000,"expires":"2024-11-27T21:11:36.395Z","secure":false,"httpOnly":true,"path":"/","sameSite":"lax"}}', '2024-11-20 21:11:36', '2024-11-20 21:11:36'),
	('INOqXl-gvRNNFyKJQ3l0Sh_7zvXVZQl4', '2024-11-27 20:07:34', '{"cookie":{"originalMaxAge":604800000,"expires":"2024-11-27T20:07:34.981Z","secure":false,"httpOnly":true,"path":"/","sameSite":"lax"}}', '2024-11-20 20:07:34', '2024-11-20 20:07:34'),
	('IPK9JikrxwGxgZugbltGVetlSqyakbX4', '2024-11-27 20:07:01', '{"cookie":{"originalMaxAge":604800000,"expires":"2024-11-27T20:07:01.360Z","secure":false,"httpOnly":true,"path":"/","sameSite":"lax"}}', '2024-11-20 20:07:01', '2024-11-20 20:07:01'),
	('iQh9d60DqOonN9xJrfT-XqHAQvU4IuH7', '2024-11-27 20:07:01', '{"cookie":{"originalMaxAge":604800000,"expires":"2024-11-27T20:07:01.332Z","secure":false,"httpOnly":true,"path":"/","sameSite":"lax"}}', '2024-11-20 20:07:01', '2024-11-20 20:07:01'),
	('irxRzAz67jc3nSJUWd4XMCGYBkk5n4w4', '2024-11-28 06:48:28', '{"cookie":{"originalMaxAge":604800000,"expires":"2024-11-28T06:48:28.677Z","secure":false,"httpOnly":true,"path":"/","sameSite":"lax"}}', '2024-11-21 06:48:28', '2024-11-21 06:48:28'),
	('itNm-Qdh6YNQjbhhixR2S9JAPs53Vrre', '2024-11-27 20:06:33', '{"cookie":{"originalMaxAge":604800000,"expires":"2024-11-27T20:06:33.388Z","secure":false,"httpOnly":true,"path":"/","sameSite":"lax"}}', '2024-11-20 20:06:33', '2024-11-20 20:06:33'),
	('iWGfl3TM2vidHZvsHBA2Sd8JrIcfJLZn', '2024-12-01 22:46:28', '{"cookie":{"originalMaxAge":604800000,"expires":"2024-12-01T22:46:28.863Z","secure":false,"httpOnly":true,"path":"/","sameSite":"lax"}}', '2024-11-24 22:46:28', '2024-11-24 22:46:28'),
	('IZmSPp2wwF0QG16bLopXOKiiFljl9P4h', '2024-11-27 19:30:23', '{"cookie":{"originalMaxAge":604800000,"expires":"2024-11-27T19:30:23.968Z","secure":false,"httpOnly":true,"path":"/","sameSite":"lax"}}', '2024-11-20 19:30:23', '2024-11-20 19:30:23'),
	('j0GtJ31SPeBit1zASvqa3hRLj2DEwDbT', '2024-11-27 21:11:37', '{"cookie":{"originalMaxAge":604800000,"expires":"2024-11-27T21:11:37.380Z","secure":false,"httpOnly":true,"path":"/","sameSite":"lax"}}', '2024-11-20 21:11:37', '2024-11-20 21:11:37'),
	('J1iaN7VTarXWLej86bBKLU8RS-2MwPoz', '2024-11-28 04:37:08', '{"cookie":{"originalMaxAge":604800000,"expires":"2024-11-28T04:37:08.952Z","secure":false,"httpOnly":true,"path":"/","sameSite":"lax"}}', '2024-11-21 04:37:08', '2024-11-21 04:37:08'),
	('J7ei9nHB3pMSeQnAuu8qzufuSHx8ML0L', '2024-11-28 06:48:31', '{"cookie":{"originalMaxAge":604800000,"expires":"2024-11-28T06:48:31.115Z","secure":false,"httpOnly":true,"path":"/","sameSite":"lax"}}', '2024-11-21 06:48:31', '2024-11-21 06:48:31'),
	('j9HKfrs-g0_7M5ClNQyzGDFvJ9FT3S-5', '2024-11-28 06:44:15', '{"cookie":{"originalMaxAge":604800000,"expires":"2024-11-28T06:44:15.236Z","secure":false,"httpOnly":true,"path":"/","sameSite":"lax"}}', '2024-11-21 06:44:15', '2024-11-21 06:44:15'),
	('jDwvN4g5mfTMsgqKcmhOkqw6E71X0GyJ', '2024-11-28 04:36:05', '{"cookie":{"originalMaxAge":604800000,"expires":"2024-11-28T04:36:05.685Z","secure":false,"httpOnly":true,"path":"/","sameSite":"lax"}}', '2024-11-21 04:36:05', '2024-11-21 04:36:05'),
	('JlDEEmbAZUve4YC-M-muaSWo6t_SIby2', '2024-11-28 06:44:18', '{"cookie":{"originalMaxAge":604800000,"expires":"2024-11-28T06:44:18.791Z","secure":false,"httpOnly":true,"path":"/","sameSite":"lax"}}', '2024-11-21 06:44:18', '2024-11-21 06:44:18'),
	('JnbqLgSGKYJe4n71qsKzPYE2vpmRM5qr', '2024-11-27 21:11:35', '{"cookie":{"originalMaxAge":604800000,"expires":"2024-11-27T21:11:35.479Z","secure":false,"httpOnly":true,"path":"/","sameSite":"lax"}}', '2024-11-20 21:11:35', '2024-11-20 21:11:35'),
	('jnT68unasW7XtoFW2U5fvRhec-I7PVCU', '2024-12-01 22:46:32', '{"cookie":{"originalMaxAge":604799998,"expires":"2024-12-01T22:46:28.854Z","secure":false,"httpOnly":true,"path":"/","sameSite":"lax"}}', '2024-11-24 22:46:28', '2024-11-24 22:46:32'),
	('JNwLsj9r2jdo2RlCGYBQG6Hcwf7X7qxy', '2024-11-27 19:56:59', '{"cookie":{"originalMaxAge":604800000,"expires":"2024-11-27T19:56:59.500Z","secure":false,"httpOnly":true,"path":"/","sameSite":"lax"}}', '2024-11-20 19:56:59', '2024-11-20 19:56:59'),
	('Jojb__e59x9wWFucip3trsThvnNiTG94', '2024-11-27 03:46:31', '{"cookie":{"originalMaxAge":604800000,"expires":"2024-11-27T03:46:31.882Z","secure":false,"httpOnly":true,"path":"/","sameSite":"lax"}}', '2024-11-20 03:46:31', '2024-11-20 03:46:31'),
	('jPf2mCgfzx4kmQZpih_PZvdWKW626BJ_', '2024-12-01 22:46:28', '{"cookie":{"originalMaxAge":604800000,"expires":"2024-12-01T22:46:28.867Z","secure":false,"httpOnly":true,"path":"/","sameSite":"lax"}}', '2024-11-24 22:46:28', '2024-11-24 22:46:28'),
	('JxHHm4TPn5Gqc_o9_lF6jvKdTf80QAAm', '2024-11-27 19:53:52', '{"cookie":{"originalMaxAge":604800000,"expires":"2024-11-27T19:53:52.054Z","secure":false,"httpOnly":true,"path":"/","sameSite":"lax"}}', '2024-11-20 19:53:52', '2024-11-20 19:53:52'),
	('jxZZu2wx0e8WqvFgxkXWqOxX6sn8Wl9Z', '2024-11-27 19:11:18', '{"cookie":{"originalMaxAge":604800000,"expires":"2024-11-27T19:11:18.210Z","secure":false,"httpOnly":true,"path":"/","sameSite":"lax"}}', '2024-11-20 19:11:18', '2024-11-20 19:11:18'),
	('K5W8zIrdyG8fvar7t5lkKMwFM4lFeetR', '2024-11-28 04:36:56', '{"cookie":{"originalMaxAge":604800000,"expires":"2024-11-28T04:36:56.437Z","secure":false,"httpOnly":true,"path":"/","sameSite":"lax"}}', '2024-11-21 04:36:56', '2024-11-21 04:36:56'),
	('k6oj8svGobDOMlBRTMMpQSn2M-BprEo6', '2024-11-28 07:00:05', '{"cookie":{"originalMaxAge":604800000,"expires":"2024-11-28T07:00:05.656Z","secure":false,"httpOnly":true,"path":"/","sameSite":"lax"}}', '2024-11-21 07:00:05', '2024-11-21 07:00:05'),
	('kacyxTqWJ4J_Lpnwy2pjc2FLawp-TB_M', '2024-11-28 06:56:12', '{"cookie":{"originalMaxAge":604800000,"expires":"2024-11-28T06:56:12.441Z","secure":false,"httpOnly":true,"path":"/","sameSite":"lax"}}', '2024-11-21 06:56:12', '2024-11-21 06:56:12'),
	('kH3yz9mtJQNwQMV_XiUTUW2PWsLENRxH', '2024-11-28 07:00:09', '{"cookie":{"originalMaxAge":604800000,"expires":"2024-11-28T07:00:09.849Z","secure":false,"httpOnly":true,"path":"/","sameSite":"lax"}}', '2024-11-21 07:00:09', '2024-11-21 07:00:09'),
	('KiMgB5U37ld2hqzOoHcueZOXuAfmWFxG', '2024-11-27 20:14:30', '{"cookie":{"originalMaxAge":604800000,"expires":"2024-11-27T20:14:30.319Z","secure":false,"httpOnly":true,"path":"/","sameSite":"lax"}}', '2024-11-20 20:14:30', '2024-11-20 20:14:30'),
	('KkekwV8Mf_f5bBiVIV3CjYF8RfoZpvov', '2024-11-27 20:06:30', '{"cookie":{"originalMaxAge":604800000,"expires":"2024-11-27T20:06:30.384Z","secure":false,"httpOnly":true,"path":"/","sameSite":"lax"}}', '2024-11-20 20:06:30', '2024-11-20 20:06:30'),
	('Kmh-TKnRfusRtKzzyhmKbDSXiuQSKXqk', '2024-11-28 07:01:28', '{"cookie":{"originalMaxAge":604800000,"expires":"2024-11-28T07:01:28.076Z","secure":false,"httpOnly":true,"path":"/","sameSite":"lax"}}', '2024-11-21 07:01:28', '2024-11-21 07:01:28'),
	('KoZaaeFzJaZGeWK_q56Y84QSqbPc6zdm', '2024-11-28 04:15:21', '{"cookie":{"originalMaxAge":604800000,"expires":"2024-11-28T04:15:21.337Z","secure":false,"httpOnly":true,"path":"/","sameSite":"lax"}}', '2024-11-21 04:15:21', '2024-11-21 04:15:21'),
	('KRN-RjtPMDe6SCPfwZk0yxC5ryL_fPIl', '2024-11-28 06:44:01', '{"cookie":{"originalMaxAge":604800000,"expires":"2024-11-28T06:44:01.490Z","secure":false,"httpOnly":true,"path":"/","sameSite":"lax"}}', '2024-11-21 06:44:01', '2024-11-21 06:44:01'),
	('ktO30fxUcP5cn1RcDHW6FeniGeLdeITN', '2024-11-27 21:10:39', '{"cookie":{"originalMaxAge":604800000,"expires":"2024-11-27T21:10:39.845Z","secure":false,"httpOnly":true,"path":"/","sameSite":"lax"}}', '2024-11-20 21:10:39', '2024-11-20 21:10:39'),
	('KzZkhaXXPgrLPphBifRGRJqyZLF_muRs', '2024-11-27 18:15:12', '{"cookie":{"originalMaxAge":604800000,"expires":"2024-11-27T18:15:12.249Z","secure":false,"httpOnly":true,"path":"/","sameSite":"lax"}}', '2024-11-20 18:15:12', '2024-11-20 18:15:12'),
	('L88BdP0ugCsZXEvCymVznequC5Q74cjr', '2024-11-28 07:02:53', '{"cookie":{"originalMaxAge":604800000,"expires":"2024-11-28T07:02:53.953Z","secure":false,"httpOnly":true,"path":"/","sameSite":"lax"}}', '2024-11-21 07:02:53', '2024-11-21 07:02:53'),
	('ladYaLzdhmAKTkBLMva1XoByBhSdxsF8', '2024-11-28 04:37:08', '{"cookie":{"originalMaxAge":604800000,"expires":"2024-11-28T04:37:08.163Z","secure":false,"httpOnly":true,"path":"/","sameSite":"lax"}}', '2024-11-21 04:37:08', '2024-11-21 04:37:08'),
	('LbN-KZ2tOR3fLa6IVydkZmADbgx6P5MM', '2024-11-28 06:38:22', '{"cookie":{"originalMaxAge":604800000,"expires":"2024-11-28T06:38:22.217Z","secure":false,"httpOnly":true,"path":"/","sameSite":"lax"}}', '2024-11-21 06:38:22', '2024-11-21 06:38:22'),
	('Ldt7nLnlad3SQ2V-KRGHW8wx_DZGoONx', '2024-11-27 03:46:31', '{"cookie":{"originalMaxAge":604800000,"expires":"2024-11-27T03:46:31.865Z","secure":false,"httpOnly":true,"path":"/","sameSite":"lax"}}', '2024-11-20 03:46:31', '2024-11-20 03:46:31'),
	('lkIEq3Nub8pOn_i1t5PQL5OAYL5u-E8_', '2024-11-27 19:53:47', '{"cookie":{"originalMaxAge":604800000,"expires":"2024-11-27T19:53:47.224Z","secure":false,"httpOnly":true,"path":"/","sameSite":"lax"}}', '2024-11-20 19:53:47', '2024-11-20 19:53:47'),
	('LkrosfrZYQvb5LqbQ0o0g01_7UkjzPPJ', '2024-11-27 20:17:59', '{"cookie":{"originalMaxAge":604800000,"expires":"2024-11-27T20:17:59.421Z","secure":false,"httpOnly":true,"path":"/","sameSite":"lax"}}', '2024-11-20 20:17:59', '2024-11-20 20:17:59'),
	('lp_JvABgbTwdYC0n8MqYN417Y8-4Cq7o', '2024-11-27 19:32:12', '{"cookie":{"originalMaxAge":604800000,"expires":"2024-11-27T19:32:12.755Z","secure":false,"httpOnly":true,"path":"/","sameSite":"lax"}}', '2024-11-20 19:32:12', '2024-11-20 19:32:12'),
	('lq87Os7ERU82sWsgVRMDE9mEgq-dAz4x', '2024-11-28 04:36:44', '{"cookie":{"originalMaxAge":604799999,"expires":"2024-11-28T04:36:44.390Z","secure":false,"httpOnly":true,"path":"/","sameSite":"lax"}}', '2024-11-21 04:36:44', '2024-11-21 04:36:44'),
	('LQTJyPawRUHraozzHkrGhOO7d6NBx-Mb', '2024-11-27 19:56:52', '{"cookie":{"originalMaxAge":604800000,"expires":"2024-11-27T19:56:52.410Z","secure":false,"httpOnly":true,"path":"/","sameSite":"lax"}}', '2024-11-20 19:56:52', '2024-11-20 19:56:52'),
	('lRg-AnL0Mvdr-1nNzCWGvRKnxf7CkTeb', '2024-11-28 04:27:06', '{"cookie":{"originalMaxAge":604800000,"expires":"2024-11-28T04:27:06.193Z","secure":false,"httpOnly":true,"path":"/","sameSite":"lax"}}', '2024-11-21 04:27:06', '2024-11-21 04:27:06'),
	('lTSywjZABPanN4MDs5SFEb4OWIbZDVjx', '2024-11-28 04:27:06', '{"cookie":{"originalMaxAge":604800000,"expires":"2024-11-28T04:27:06.244Z","secure":false,"httpOnly":true,"path":"/","sameSite":"lax"}}', '2024-11-21 04:27:06', '2024-11-21 04:27:06'),
	('LubiUxkDDk5KTQ-5RJkrdIx0u5tltbYD', '2024-11-28 07:01:05', '{"cookie":{"originalMaxAge":604800000,"expires":"2024-11-28T07:01:05.647Z","secure":false,"httpOnly":true,"path":"/","sameSite":"lax"}}', '2024-11-21 07:01:05', '2024-11-21 07:01:05'),
	('LYXaHcK_DAkFTKZCL3GrS3xp-i7PvoCA', '2024-12-01 22:46:28', '{"cookie":{"originalMaxAge":604799999,"expires":"2024-12-01T22:46:28.826Z","secure":false,"httpOnly":true,"path":"/","sameSite":"lax"}}', '2024-11-24 22:46:28', '2024-11-24 22:46:28'),
	('MDEWh83gBNOFQf3fLPpDC_KDSYvd4ZGz', '2024-11-27 01:17:31', '{"cookie":{"originalMaxAge":604800000,"expires":"2024-11-27T01:17:31.718Z","secure":false,"httpOnly":true,"path":"/","sameSite":"lax"}}', '2024-11-20 01:17:31', '2024-11-20 01:17:31'),
	('mEdvPM0tuS7JJcVYDRFTmPUvfpY6QH51', '2024-11-28 04:15:21', '{"cookie":{"originalMaxAge":604800000,"expires":"2024-11-28T04:15:21.343Z","secure":false,"httpOnly":true,"path":"/","sameSite":"lax"}}', '2024-11-21 04:15:21', '2024-11-21 04:15:21'),
	('MhodrRJU1Cluekahn5MXm3Dk9XwkSeGD', '2024-11-27 22:11:38', '{"cookie":{"originalMaxAge":604800000,"expires":"2024-11-27T22:11:38.525Z","secure":false,"httpOnly":true,"path":"/","sameSite":"lax"}}', '2024-11-20 22:11:38', '2024-11-20 22:11:38'),
	('MJZNAZN7w8UICHQQHXNdU7S_s_JxziD9', '2024-11-27 20:06:31', '{"cookie":{"originalMaxAge":604800000,"expires":"2024-11-27T20:06:31.505Z","secure":false,"httpOnly":true,"path":"/","sameSite":"lax"}}', '2024-11-20 20:06:31', '2024-11-20 20:06:31'),
	('mKbhnq6T44e54irYRRs-FvE3YCx5sEXo', '2024-11-28 06:37:48', '{"cookie":{"originalMaxAge":604800000,"expires":"2024-11-28T06:37:48.880Z","secure":false,"httpOnly":true,"path":"/","sameSite":"lax"}}', '2024-11-21 06:37:48', '2024-11-21 06:37:48'),
	('mnIN4SUv1wwWjCJXBYybqCmBbu1i75DV', '2024-11-27 20:06:55', '{"cookie":{"originalMaxAge":604800000,"expires":"2024-11-27T20:06:55.046Z","secure":false,"httpOnly":true,"path":"/","sameSite":"lax"}}', '2024-11-20 20:06:55', '2024-11-20 20:06:55'),
	('MNjCXA8KQXAusY5pNVP6xu076PRHA9m2', '2024-11-26 19:54:09', '{"cookie":{"originalMaxAge":604800000,"expires":"2024-11-26T19:54:09.541Z","secure":false,"httpOnly":true,"path":"/","sameSite":"lax"}}', '2024-11-19 19:54:09', '2024-11-19 19:54:09'),
	('mPqptpiG_drhY0_SXvC_RNRqW43nyrSH', '2024-11-27 20:14:14', '{"cookie":{"originalMaxAge":604800000,"expires":"2024-11-27T20:14:14.826Z","secure":false,"httpOnly":true,"path":"/","sameSite":"lax"}}', '2024-11-20 20:14:14', '2024-11-20 20:14:14'),
	('myplocjkYlFHyw-SgfhcXYbRNni1joWN', '2024-11-27 19:53:42', '{"cookie":{"originalMaxAge":604800000,"expires":"2024-11-27T19:53:42.416Z","secure":false,"httpOnly":true,"path":"/","sameSite":"lax"}}', '2024-11-20 19:53:42', '2024-11-20 19:53:42'),
	('MZ-hv_7hcqzj9TKrHmMfXuS9qrjlu8gW', '2024-11-27 21:10:54', '{"cookie":{"originalMaxAge":604800000,"expires":"2024-11-27T21:10:54.900Z","secure":false,"httpOnly":true,"path":"/","sameSite":"lax"}}', '2024-11-20 21:10:54', '2024-11-20 21:10:54'),
	('n4CKO75JImvUdbwOOf8WKxrGTI4EEgD_', '2024-11-28 07:02:50', '{"cookie":{"originalMaxAge":604800000,"expires":"2024-11-28T07:02:50.098Z","secure":false,"httpOnly":true,"path":"/","sameSite":"lax"}}', '2024-11-21 07:02:50', '2024-11-21 07:02:50'),
	('NaRwbnJAdTAooFKOIkwqZwhOTKE7fHqb', '2024-11-27 20:07:37', '{"cookie":{"originalMaxAge":604800000,"expires":"2024-11-27T20:07:37.854Z","secure":false,"httpOnly":true,"path":"/","sameSite":"lax"}}', '2024-11-20 20:07:37', '2024-11-20 20:07:37'),
	('NcDFpoXqzCNEEWPHK8b4CuCKi2xYBTlA', '2024-11-28 04:36:58', '{"cookie":{"originalMaxAge":604800000,"expires":"2024-11-28T04:36:58.530Z","secure":false,"httpOnly":true,"path":"/","sameSite":"lax"}}', '2024-11-21 04:36:58', '2024-11-21 04:36:58'),
	('nHNbrzDVSgz4Fj72PWs1fDz5GpDnMtTi', '2024-11-27 03:46:31', '{"cookie":{"originalMaxAge":604800000,"expires":"2024-11-27T03:46:31.853Z","secure":false,"httpOnly":true,"path":"/","sameSite":"lax"}}', '2024-11-20 03:46:31', '2024-11-20 03:46:31'),
	('NHxDWzlBoDHimEDLjhXFAO8n3daQR5i6', '2024-11-27 03:53:46', '{"cookie":{"originalMaxAge":604800000,"expires":"2024-11-27T03:53:46.052Z","secure":false,"httpOnly":true,"path":"/","sameSite":"lax"}}', '2024-11-20 03:53:46', '2024-11-20 03:53:46'),
	('NI31pKA19ExYXT_N2L5ChImWrjtY489_', '2024-11-27 19:30:19', '{"cookie":{"originalMaxAge":604800000,"expires":"2024-11-27T19:30:19.670Z","secure":false,"httpOnly":true,"path":"/","sameSite":"lax"}}', '2024-11-20 19:30:19', '2024-11-20 19:30:19'),
	('NNiItPH42y567AMLlUJZ0tDgmL2mhMxd', '2024-11-27 22:25:47', '{"cookie":{"originalMaxAge":604800000,"expires":"2024-11-27T22:25:47.290Z","secure":false,"httpOnly":true,"path":"/","sameSite":"lax"}}', '2024-11-20 22:25:47', '2024-11-20 22:25:47'),
	('NoaPf0YKw3-KoME2owl-_3gzAkFuKj04', '2024-11-27 20:14:09', '{"cookie":{"originalMaxAge":604800000,"expires":"2024-11-27T20:14:09.931Z","secure":false,"httpOnly":true,"path":"/","sameSite":"lax"}}', '2024-11-20 20:14:09', '2024-11-20 20:14:09'),
	('nTg1f2LAhsONLhdoMLchP0Ur9IScxT-F', '2024-11-28 06:48:14', '{"cookie":{"originalMaxAge":604800000,"expires":"2024-11-28T06:48:14.424Z","secure":false,"httpOnly":true,"path":"/","sameSite":"lax"}}', '2024-11-21 06:48:14', '2024-11-21 06:48:14'),
	('O53yoJUB84tGsnx9b7ixL33orQVYKQGH', '2024-11-28 06:59:48', '{"cookie":{"originalMaxAge":604800000,"expires":"2024-11-28T06:59:48.357Z","secure":false,"httpOnly":true,"path":"/","sameSite":"lax"}}', '2024-11-21 06:59:48', '2024-11-21 06:59:48'),
	('ODK9vHRmp721vYv-vf3DHxV0R3cZje-c', '2024-11-28 04:27:35', '{"cookie":{"originalMaxAge":604800000,"expires":"2024-11-28T04:27:35.339Z","secure":false,"httpOnly":true,"path":"/","sameSite":"lax"}}', '2024-11-21 04:27:35', '2024-11-21 04:27:35'),
	('oipnrzE0_dUyuoow6rowBj3ULS5ijPLD', '2024-11-28 06:44:21', '{"cookie":{"originalMaxAge":604800000,"expires":"2024-11-28T06:44:21.311Z","secure":false,"httpOnly":true,"path":"/","sameSite":"lax"}}', '2024-11-21 06:44:21', '2024-11-21 06:44:21'),
	('OjVlHYIZ_lrhEcMb-lnpPncwpAiH1Yz6', '2024-11-27 21:11:06', '{"cookie":{"originalMaxAge":604800000,"expires":"2024-11-27T21:11:06.261Z","secure":false,"httpOnly":true,"path":"/","sameSite":"lax"}}', '2024-11-20 21:11:06', '2024-11-20 21:11:06'),
	('OK7y5aav--SMnhTdMCjO0U4fP1yb1g1Q', '2024-11-27 19:57:35', '{"cookie":{"originalMaxAge":604800000,"expires":"2024-11-27T19:57:35.303Z","secure":false,"httpOnly":true,"path":"/","sameSite":"lax"}}', '2024-11-20 19:57:35', '2024-11-20 19:57:35'),
	('OPjQdmLgEHGkD9H23eIxECYQT9WppUvl', '2024-11-27 20:14:11', '{"cookie":{"originalMaxAge":604800000,"expires":"2024-11-27T20:14:11.024Z","secure":false,"httpOnly":true,"path":"/","sameSite":"lax"}}', '2024-11-20 20:14:11', '2024-11-20 20:14:11'),
	('opxMnQWFuCILOxHdlV285lR0TtCjIsE6', '2024-11-27 20:07:02', '{"cookie":{"originalMaxAge":604800000,"expires":"2024-11-27T20:07:02.245Z","secure":false,"httpOnly":true,"path":"/","sameSite":"lax"}}', '2024-11-20 20:07:02', '2024-11-20 20:07:02'),
	('ouxAHBRw8vzLfllAFpZGogcfh0FP2KhV', '2024-11-28 06:44:17', '{"cookie":{"originalMaxAge":604800000,"expires":"2024-11-28T06:44:17.483Z","secure":false,"httpOnly":true,"path":"/","sameSite":"lax"}}', '2024-11-21 06:44:17', '2024-11-21 06:44:17'),
	('OwmVkOfzePQ9gNIGTpMMlENjBms8uwd4', '2024-11-28 06:44:38', '{"cookie":{"originalMaxAge":604800000,"expires":"2024-11-28T06:44:38.690Z","secure":false,"httpOnly":true,"path":"/","sameSite":"lax"}}', '2024-11-21 06:44:38', '2024-11-21 06:44:38'),
	('oz-UZJY65hZzX4JIRmDH44xcI31fHSL_', '2024-11-27 20:18:22', '{"cookie":{"originalMaxAge":604800000,"expires":"2024-11-27T20:18:22.716Z","secure":false,"httpOnly":true,"path":"/","sameSite":"lax"}}', '2024-11-20 20:18:22', '2024-11-20 20:18:22'),
	('oZg6h_hrS3Y_a3PM1oJ3lvF-X5l9_IWL', '2024-11-27 20:06:09', '{"cookie":{"originalMaxAge":604799999,"expires":"2024-11-27T20:06:09.961Z","secure":false,"httpOnly":true,"path":"/","sameSite":"lax"}}', '2024-11-20 20:06:09', '2024-11-20 20:06:09'),
	('pknDI4ejWTl2-mcqACqc3OTE7eumetsv', '2024-11-28 04:36:05', '{"cookie":{"originalMaxAge":604800000,"expires":"2024-11-28T04:36:05.639Z","secure":false,"httpOnly":true,"path":"/","sameSite":"lax"}}', '2024-11-21 04:36:05', '2024-11-21 04:36:05'),
	('pMuzyqmhsYjk2pZLiDNIXLBdjh03kClj', '2024-11-28 04:37:08', '{"cookie":{"originalMaxAge":604800000,"expires":"2024-11-28T04:37:08.134Z","secure":false,"httpOnly":true,"path":"/","sameSite":"lax"}}', '2024-11-21 04:37:08', '2024-11-21 04:37:08'),
	('Pq4Fi2OAkuWDxcgUUkax-KsYo7Rq5rGq', '2024-11-27 19:12:22', '{"cookie":{"originalMaxAge":604800000,"expires":"2024-11-27T19:12:22.778Z","secure":false,"httpOnly":true,"path":"/","sameSite":"lax"}}', '2024-11-20 19:12:22', '2024-11-20 19:12:22'),
	('pRf9gQTJlR-m1uFwYHtqMdK6sc6IiTIB', '2024-11-27 03:53:46', '{"cookie":{"originalMaxAge":604800000,"expires":"2024-11-27T03:53:46.028Z","secure":false,"httpOnly":true,"path":"/","sameSite":"lax"}}', '2024-11-20 03:53:46', '2024-11-20 03:53:46'),
	('prL4CoJhT6otslvGPqBGf3eOvA88xpiB', '2024-11-28 07:01:18', '{"cookie":{"originalMaxAge":604800000,"expires":"2024-11-28T07:01:18.362Z","secure":false,"httpOnly":true,"path":"/","sameSite":"lax"}}', '2024-11-21 07:01:18', '2024-11-21 07:01:18'),
	('pT5NpwDnom2frdcJje4qUHdhhUyMV8YY', '2024-11-27 03:46:31', '{"cookie":{"originalMaxAge":604800000,"expires":"2024-11-27T03:46:31.878Z","secure":false,"httpOnly":true,"path":"/","sameSite":"lax"}}', '2024-11-20 03:46:31', '2024-11-20 03:46:31'),
	('q-pAhH47RsoLHzKPlWdbQxoAUOK8OAx9', '2024-11-28 06:56:10', '{"cookie":{"originalMaxAge":604800000,"expires":"2024-11-28T06:56:10.123Z","secure":false,"httpOnly":true,"path":"/","sameSite":"lax"}}', '2024-11-21 06:56:10', '2024-11-21 06:56:10'),
	('Q2I9RPTRMj5Vn8ZkN38v064DJ03Bhj1-', '2024-11-27 20:07:04', '{"cookie":{"originalMaxAge":604800000,"expires":"2024-11-27T20:07:04.517Z","secure":false,"httpOnly":true,"path":"/","sameSite":"lax"}}', '2024-11-20 20:07:04', '2024-11-20 20:07:04'),
	('Q2VYLcKPT85NIQiBhXsRttee3Tw_B5FE', '2024-11-28 06:38:22', '{"cookie":{"originalMaxAge":604800000,"expires":"2024-11-28T06:38:22.200Z","secure":false,"httpOnly":true,"path":"/","sameSite":"lax"}}', '2024-11-21 06:38:22', '2024-11-21 06:38:22'),
	('qcVWNWR32AgMavnu59fIPTpIBysYYOo7', '2024-11-28 07:01:28', '{"cookie":{"originalMaxAge":604800000,"expires":"2024-11-28T07:01:28.046Z","secure":false,"httpOnly":true,"path":"/","sameSite":"lax"}}', '2024-11-21 07:01:28', '2024-11-21 07:01:28'),
	('QFkFhJ4oEMPAopmVCPG3Dr-hgveN2Om3', '2024-11-27 20:06:43', '{"cookie":{"originalMaxAge":604800000,"expires":"2024-11-27T20:06:43.871Z","secure":false,"httpOnly":true,"path":"/","sameSite":"lax"}}', '2024-11-20 20:06:43', '2024-11-20 20:06:43'),
	('QHw-EAiSV3iKdQo6P6SageCtESGtjl-P', '2024-11-27 19:12:34', '{"cookie":{"originalMaxAge":604800000,"expires":"2024-11-27T19:12:34.110Z","secure":false,"httpOnly":true,"path":"/","sameSite":"lax"}}', '2024-11-20 19:12:34', '2024-11-20 19:12:34'),
	('Qi4m6GpU66azGQ2gjHFh5DnSj4BWw7wV', '2024-11-27 20:14:06', '{"cookie":{"originalMaxAge":604800000,"expires":"2024-11-27T20:14:06.398Z","secure":false,"httpOnly":true,"path":"/","sameSite":"lax"}}', '2024-11-20 20:14:06', '2024-11-20 20:14:06'),
	('Ql_McAHbiQS2sEgwW1TLMWP0STFrwiB_', '2024-11-28 07:03:08', '{"cookie":{"originalMaxAge":604800000,"expires":"2024-11-28T07:03:08.690Z","secure":false,"httpOnly":true,"path":"/","sameSite":"lax"}}', '2024-11-21 07:03:08', '2024-11-21 07:03:08'),
	('qoR0mu6ycmTf3WiKPE0jRRxXt5k_kOzy', '2024-11-28 04:36:49', '{"cookie":{"originalMaxAge":604800000,"expires":"2024-11-28T04:36:49.716Z","secure":false,"httpOnly":true,"path":"/","sameSite":"lax"}}', '2024-11-21 04:36:49', '2024-11-21 04:36:49'),
	('qQxtEmp7NPwxevMTpPKZUjIyf4AJcpCS', '2024-11-27 20:06:28', '{"cookie":{"originalMaxAge":604800000,"expires":"2024-11-27T20:06:28.641Z","secure":false,"httpOnly":true,"path":"/","sameSite":"lax"}}', '2024-11-20 20:06:28', '2024-11-20 20:06:28'),
	('QXCxdqU0F1-GjzJsEKDSLg85OzACYlww', '2024-11-27 21:10:54', '{"cookie":{"originalMaxAge":604800000,"expires":"2024-11-27T21:10:54.844Z","secure":false,"httpOnly":true,"path":"/","sameSite":"lax"}}', '2024-11-20 21:10:54', '2024-11-20 21:10:54'),
	('QzJujioMzUDvTcQ7pXqc6KdPToqfnQ7N', '2024-11-27 19:42:45', '{"cookie":{"originalMaxAge":604800000,"expires":"2024-11-27T19:42:45.808Z","secure":false,"httpOnly":true,"path":"/","sameSite":"lax"}}', '2024-11-20 19:42:45', '2024-11-20 19:42:45'),
	('r0yihVXoDaz7EB1DLyYiXxbAHh9qcNWY', '2024-11-28 06:43:56', '{"cookie":{"originalMaxAge":604800000,"expires":"2024-11-28T06:43:56.368Z","secure":false,"httpOnly":true,"path":"/","sameSite":"lax"}}', '2024-11-21 06:43:56', '2024-11-21 06:43:56'),
	('R89Ixff_a1-WKz2cT7S29Fe9ZqMTGBxK', '2024-11-27 22:39:04', '{"cookie":{"originalMaxAge":604800000,"expires":"2024-11-27T22:39:04.069Z","secure":false,"httpOnly":true,"path":"/","sameSite":"lax"}}', '2024-11-20 22:39:04', '2024-11-20 22:39:04'),
	('RBbwsybbi5O0RdxNObxAUunzPcIguaki', '2024-11-27 20:18:27', '{"cookie":{"originalMaxAge":604800000,"expires":"2024-11-27T20:18:27.998Z","secure":false,"httpOnly":true,"path":"/","sameSite":"lax"}}', '2024-11-20 20:18:28', '2024-11-20 20:18:28'),
	('rdMoiFGFuj8Lilt2p3nVOgsIoQgMRHqL', '2024-11-27 22:25:47', '{"cookie":{"originalMaxAge":604800000,"expires":"2024-11-27T22:25:47.298Z","secure":false,"httpOnly":true,"path":"/","sameSite":"lax"}}', '2024-11-20 22:25:47', '2024-11-20 22:25:47'),
	('rjGtQNepbx05aa4RGyq7RjXGUiEZxOex', '2024-11-27 19:42:56', '{"cookie":{"originalMaxAge":604800000,"expires":"2024-11-27T19:42:56.089Z","secure":false,"httpOnly":true,"path":"/","sameSite":"lax"}}', '2024-11-20 19:42:56', '2024-11-20 19:42:56'),
	('Rox9KjkiJAx7pqnJ8ezRfoS3shiEpsDP', '2024-11-27 21:11:18', '{"cookie":{"originalMaxAge":604800000,"expires":"2024-11-27T21:11:18.439Z","secure":false,"httpOnly":true,"path":"/","sameSite":"lax"}}', '2024-11-20 21:11:18', '2024-11-20 21:11:18'),
	('rq_e6CcsyZhgrk6e_g9J_tr3eKMcJsqM', '2024-11-27 22:39:04', '{"cookie":{"originalMaxAge":604800000,"expires":"2024-11-27T22:39:04.074Z","secure":false,"httpOnly":true,"path":"/","sameSite":"lax"}}', '2024-11-20 22:39:04', '2024-11-20 22:39:04'),
	('RRxiC8AXNF9hI5X_q-wDTRBmevpi3pgU', '2024-11-26 19:54:09', '{"cookie":{"originalMaxAge":604800000,"expires":"2024-11-26T19:54:09.327Z","secure":false,"httpOnly":true,"path":"/","sameSite":"lax"}}', '2024-11-19 19:54:09', '2024-11-19 19:54:09'),
	('RWg81qTpsiiaBNXg89GuGUHBOPqqniJ9', '2024-11-28 07:01:28', '{"cookie":{"originalMaxAge":604800000,"expires":"2024-11-28T07:01:28.103Z","secure":false,"httpOnly":true,"path":"/","sameSite":"lax"}}', '2024-11-21 07:01:28', '2024-11-21 07:01:28'),
	('s66nUxDG29jQOSf863cAwW9twfsff5gg', '2024-11-28 07:03:10', '{"cookie":{"originalMaxAge":604800000,"expires":"2024-11-28T07:03:10.948Z","secure":false,"httpOnly":true,"path":"/","sameSite":"lax"}}', '2024-11-21 07:03:10', '2024-11-21 07:03:10'),
	('SbfWuyMBFtdda-OhXkPc5Z-oaYWxK3xg', '2024-11-28 06:38:22', '{"cookie":{"originalMaxAge":604800000,"expires":"2024-11-28T06:38:22.316Z","secure":false,"httpOnly":true,"path":"/","sameSite":"lax"}}', '2024-11-21 06:38:22', '2024-11-21 06:38:22'),
	('SeJDwcJqIWpJV2paF1jwBQ0KUMUw8yvG', '2024-11-27 20:06:34', '{"cookie":{"originalMaxAge":604800000,"expires":"2024-11-27T20:06:34.516Z","secure":false,"httpOnly":true,"path":"/","sameSite":"lax"}}', '2024-11-20 20:06:34', '2024-11-20 20:06:34'),
	('Sf765ENY-20WTixyeSFwa2SkCdOipw1-', '2024-11-28 06:37:48', '{"cookie":{"originalMaxAge":604800000,"expires":"2024-11-28T06:37:48.837Z","secure":false,"httpOnly":true,"path":"/","sameSite":"lax"}}', '2024-11-21 06:37:48', '2024-11-21 06:37:48'),
	('skV-c6t1NUVcyPU_mocDt8psxDRlZitt', '2024-11-28 07:01:16', '{"cookie":{"originalMaxAge":604800000,"expires":"2024-11-28T07:01:16.573Z","secure":false,"httpOnly":true,"path":"/","sameSite":"lax"}}', '2024-11-21 07:01:16', '2024-11-21 07:01:16'),
	('SkvTvmi--xHAtJU0B_LNiEkqLdeeEb-H', '2024-11-28 04:37:10', '{"cookie":{"originalMaxAge":604800000,"expires":"2024-11-28T04:37:10.180Z","secure":false,"httpOnly":true,"path":"/","sameSite":"lax"}}', '2024-11-21 04:37:10', '2024-11-21 04:37:10'),
	('Skx7OIf6pWZZ70ipZHgZELYiX3jnb1s3', '2024-11-28 06:36:46', '{"cookie":{"originalMaxAge":604800000,"expires":"2024-11-28T06:36:46.202Z","secure":false,"httpOnly":true,"path":"/","sameSite":"lax"}}', '2024-11-21 06:36:46', '2024-11-21 06:36:46'),
	('SNiIGJUUdDGnI3D964KLdDab8K4A0QDx', '2024-11-28 04:36:45', '{"cookie":{"originalMaxAge":604800000,"expires":"2024-11-28T04:36:45.819Z","secure":false,"httpOnly":true,"path":"/","sameSite":"lax"}}', '2024-11-21 04:36:45', '2024-11-21 04:36:45'),
	('SoRM7Dgm83NRwtmtTPPkfD4ggf1O1V2r', '2024-11-27 19:56:46', '{"cookie":{"originalMaxAge":604800000,"expires":"2024-11-27T19:56:46.909Z","secure":false,"httpOnly":true,"path":"/","sameSite":"lax"}}', '2024-11-20 19:56:46', '2024-11-20 19:56:46'),
	('SQL8_WMVBwyDIAkyCGps0qIN3xSL-NN0', '2024-11-27 19:10:40', '{"cookie":{"originalMaxAge":604800000,"expires":"2024-11-27T19:10:40.767Z","secure":false,"httpOnly":true,"path":"/","sameSite":"lax"}}', '2024-11-20 19:10:40', '2024-11-20 19:10:40'),
	('sSycW_ZhRRDuBJHRBh8bLbbZj3AygjMy', '2024-11-27 21:36:10', '{"cookie":{"originalMaxAge":604800000,"expires":"2024-11-27T02:00:55.254Z","secure":false,"httpOnly":true,"path":"/","sameSite":"lax"}}', '2024-11-20 02:00:55', '2024-11-20 21:36:10'),
	('sTJp253RUXgkytOreHDOoz71nw9eeQO-', '2024-11-26 20:11:11', '{"cookie":{"originalMaxAge":604800000,"expires":"2024-11-26T20:11:11.206Z","secure":false,"httpOnly":true,"path":"/","sameSite":"lax"}}', '2024-11-19 20:11:11', '2024-11-19 20:11:11'),
	('SUwBeT2d3XHn3w4toqgt_M0dmcinDrEC', '2024-11-27 20:07:01', '{"cookie":{"originalMaxAge":604800000,"expires":"2024-11-27T20:07:01.307Z","secure":false,"httpOnly":true,"path":"/","sameSite":"lax"}}', '2024-11-20 20:07:01', '2024-11-20 20:07:01'),
	('SY4mB7aYR2uEyEwF6S-DQPoWSObG7bIU', '2024-11-28 06:59:48', '{"cookie":{"originalMaxAge":604800000,"expires":"2024-11-28T06:59:48.464Z","secure":false,"httpOnly":true,"path":"/","sameSite":"lax"}}', '2024-11-21 06:59:48', '2024-11-21 06:59:48'),
	('T6VSojA9JiRs6Ap6ftYW5zQxuCTFj6yf', '2024-11-28 04:14:36', '{"cookie":{"originalMaxAge":604800000,"expires":"2024-11-28T04:14:36.840Z","secure":false,"httpOnly":true,"path":"/","sameSite":"lax"}}', '2024-11-21 04:14:36', '2024-11-21 04:14:36'),
	('TcwMY4QNV1xVwTg23S90KDoTy6yfqYNu', '2024-11-28 06:43:37', '{"cookie":{"originalMaxAge":604800000,"expires":"2024-11-28T06:43:37.656Z","secure":false,"httpOnly":true,"path":"/","sameSite":"lax"}}', '2024-11-21 06:43:37', '2024-11-21 06:43:37'),
	('tcy9uIqtORONPqi474AVOpSIyidfNIQu', '2024-11-28 06:44:21', '{"cookie":{"originalMaxAge":604800000,"expires":"2024-11-28T06:44:21.338Z","secure":false,"httpOnly":true,"path":"/","sameSite":"lax"}}', '2024-11-21 06:44:21', '2024-11-21 06:44:21'),
	('Tf3sa6cMoxz00uoIU9tiRRrQYQ0HStJQ', '2024-11-28 06:48:26', '{"cookie":{"originalMaxAge":604800000,"expires":"2024-11-28T06:48:26.507Z","secure":false,"httpOnly":true,"path":"/","sameSite":"lax"}}', '2024-11-21 06:48:26', '2024-11-21 06:48:26'),
	('tj8jhdYlJtaqgReLSDKprpY89AvDMgHx', '2024-11-27 20:07:09', '{"cookie":{"originalMaxAge":604800000,"expires":"2024-11-27T20:07:09.204Z","secure":false,"httpOnly":true,"path":"/","sameSite":"lax"}}', '2024-11-20 20:07:09', '2024-11-20 20:07:09'),
	('tV4jkXq1Wczz0vMqUjuxOpppOhF7QQPv', '2024-11-28 06:48:30', '{"cookie":{"originalMaxAge":604800000,"expires":"2024-11-28T06:48:30.146Z","secure":false,"httpOnly":true,"path":"/","sameSite":"lax"}}', '2024-11-21 06:48:30', '2024-11-21 06:48:30'),
	('Tve91yuWlwBp4mziVwH1ZuKm7CHyfNXW', '2024-11-27 19:11:10', '{"cookie":{"originalMaxAge":604800000,"expires":"2024-11-27T19:11:10.739Z","secure":false,"httpOnly":true,"path":"/","sameSite":"lax"}}', '2024-11-20 19:11:10', '2024-11-20 19:11:10'),
	('typS6ssAfasAr8z1Lvwqi7fog8Efl7Oy', '2024-11-27 20:18:27', '{"cookie":{"originalMaxAge":604800000,"expires":"2024-11-27T20:18:27.072Z","secure":false,"httpOnly":true,"path":"/","sameSite":"lax"}}', '2024-11-20 20:18:27', '2024-11-20 20:18:27'),
	('tZn4jlBUd8fu8knB2RhaqfvwVvYQT_wK', '2024-11-27 22:25:47', '{"cookie":{"originalMaxAge":604800000,"expires":"2024-11-27T22:25:47.296Z","secure":false,"httpOnly":true,"path":"/","sameSite":"lax"}}', '2024-11-20 22:25:47', '2024-11-20 22:25:47'),
	('u_USc7HacdtK4uTB9rkNoWPC8eo90n71', '2024-11-27 20:07:37', '{"cookie":{"originalMaxAge":604800000,"expires":"2024-11-27T20:07:37.828Z","secure":false,"httpOnly":true,"path":"/","sameSite":"lax"}}', '2024-11-20 20:07:37', '2024-11-20 20:07:37'),
	('U1zmZXvBsGXKMRu4VjL3wIlobTlKft5j', '2024-11-27 22:11:38', '{"cookie":{"originalMaxAge":604800000,"expires":"2024-11-27T22:11:38.492Z","secure":false,"httpOnly":true,"path":"/","sameSite":"lax"}}', '2024-11-20 22:11:38', '2024-11-20 22:11:38'),
	('udtsf5QDuym0TNJEuiR--SaP-XxBkTkp', '2024-11-27 22:25:47', '{"cookie":{"originalMaxAge":604800000,"expires":"2024-11-27T22:25:47.280Z","secure":false,"httpOnly":true,"path":"/","sameSite":"lax"}}', '2024-11-20 22:25:47', '2024-11-20 22:25:47'),
	('UERxuotXdR4eLiP00aY_uuCG6SwCaxKK', '2024-11-27 21:10:40', '{"cookie":{"originalMaxAge":604800000,"expires":"2024-11-27T21:10:40.218Z","secure":false,"httpOnly":true,"path":"/","sameSite":"lax"}}', '2024-11-20 21:10:40', '2024-11-20 21:10:40'),
	('UiaeHYBJvxFWNAAz_rzuP4hfrXS1gpcB', '2024-11-28 07:01:05', '{"cookie":{"originalMaxAge":604800000,"expires":"2024-11-28T07:01:05.931Z","secure":false,"httpOnly":true,"path":"/","sameSite":"lax"}}', '2024-11-21 07:01:05', '2024-11-21 07:01:05'),
	('UiLOvw_fC5hA2Mc8pD2O1KgMb4aFcbLv', '2024-11-27 22:36:42', '{"cookie":{"originalMaxAge":604800000,"expires":"2024-11-27T22:36:42.932Z","secure":false,"httpOnly":true,"path":"/","sameSite":"lax"}}', '2024-11-20 22:36:42', '2024-11-20 22:36:42'),
	('umx1OvKvATkBT41Gc8_ERXLFl-KLdKaE', '2024-11-27 20:14:09', '{"cookie":{"originalMaxAge":604800000,"expires":"2024-11-27T20:14:09.248Z","secure":false,"httpOnly":true,"path":"/","sameSite":"lax"}}', '2024-11-20 20:14:09', '2024-11-20 20:14:09'),
	('UP-1IXAjjRwIjtgTgST5iLjXS4ErrX9B', '2024-11-27 22:36:42', '{"cookie":{"originalMaxAge":604800000,"expires":"2024-11-27T22:36:42.921Z","secure":false,"httpOnly":true,"path":"/","sameSite":"lax"}}', '2024-11-20 22:36:42', '2024-11-20 22:36:42'),
	('uPvZGwxWkPmelD1C8UtdXb5gkvxeTbkm', '2024-11-27 01:17:31', '{"cookie":{"originalMaxAge":604800000,"expires":"2024-11-27T01:17:31.701Z","secure":false,"httpOnly":true,"path":"/","sameSite":"lax"}}', '2024-11-20 01:17:31', '2024-11-20 01:17:31'),
	('uuyypv0NmQ1XVXrvxh8K2Zjm0m0cRz47', '2024-11-27 20:06:34', '{"cookie":{"originalMaxAge":604800000,"expires":"2024-11-27T20:06:34.540Z","secure":false,"httpOnly":true,"path":"/","sameSite":"lax"}}', '2024-11-20 20:06:34', '2024-11-20 20:06:34'),
	('uZUkdEOU7PVmS2Yc85RXc5EZ2eaZy_FU', '2024-11-27 22:39:04', '{"cookie":{"originalMaxAge":604800000,"expires":"2024-11-27T22:39:04.076Z","secure":false,"httpOnly":true,"path":"/","sameSite":"lax"}}', '2024-11-20 22:39:04', '2024-11-20 22:39:04'),
	('v9XZC9miqz9kaVTtkckMKQ3lxAR-xzyT', '2024-11-27 21:10:45', '{"cookie":{"originalMaxAge":604800000,"expires":"2024-11-27T21:10:45.021Z","secure":false,"httpOnly":true,"path":"/","sameSite":"lax"}}', '2024-11-20 21:10:45', '2024-11-20 21:10:45'),
	('VeHx8ROTY1YmRPsSQUPf4Dn-aTmqi_bz', '2024-11-27 19:53:39', '{"cookie":{"originalMaxAge":604800000,"expires":"2024-11-27T19:53:39.848Z","secure":false,"httpOnly":true,"path":"/","sameSite":"lax"}}', '2024-11-20 19:53:39', '2024-11-20 19:53:39'),
	('VH7huKIhykPRO_iANsuPTgAFIt7hr7GT', '2024-11-28 06:56:10', '{"cookie":{"originalMaxAge":604800000,"expires":"2024-11-28T06:56:10.620Z","secure":false,"httpOnly":true,"path":"/","sameSite":"lax"}}', '2024-11-21 06:56:10', '2024-11-21 06:56:10'),
	('VpGyDvoMZc-ndh1ZCMSJeBqyZ8tCQC4q', '2024-11-27 19:15:14', '{"cookie":{"originalMaxAge":604800000,"expires":"2024-11-27T19:15:14.127Z","secure":false,"httpOnly":true,"path":"/","sameSite":"lax"}}', '2024-11-20 19:15:14', '2024-11-20 19:15:14'),
	('Vt5RRdgGCQyqJp6lVgJb31O80Au8LZ9v', '2024-11-27 19:32:07', '{"cookie":{"originalMaxAge":604800000,"expires":"2024-11-27T19:32:07.212Z","secure":false,"httpOnly":true,"path":"/","sameSite":"lax"}}', '2024-11-20 19:32:07', '2024-11-20 19:32:07'),
	('VvoVrAj1-8SaR5Iw08iME0OCWDlCsbFj', '2024-11-28 07:03:09', '{"cookie":{"originalMaxAge":604800000,"expires":"2024-11-28T07:03:09.544Z","secure":false,"httpOnly":true,"path":"/","sameSite":"lax"}}', '2024-11-21 07:03:09', '2024-11-21 07:03:09'),
	('vW4uIPsIDG8EphA6gxjIxHtCD1iITGst', '2024-11-27 21:11:27', '{"cookie":{"originalMaxAge":604800000,"expires":"2024-11-27T21:11:27.858Z","secure":false,"httpOnly":true,"path":"/","sameSite":"lax"}}', '2024-11-20 21:11:27', '2024-11-20 21:11:27'),
	('vxPmi9gjLVjd7KLS87V1OLTrlZJRmzDe', '2024-11-27 19:56:53', '{"cookie":{"originalMaxAge":604800000,"expires":"2024-11-27T19:56:53.847Z","secure":false,"httpOnly":true,"path":"/","sameSite":"lax"}}', '2024-11-20 19:56:53', '2024-11-20 19:56:53'),
	('VyKjIFIlTzYsagZerTvk_8qJ2Ca13Z5I', '2024-11-28 07:01:05', '{"cookie":{"originalMaxAge":604800000,"expires":"2024-11-28T07:01:05.947Z","secure":false,"httpOnly":true,"path":"/","sameSite":"lax"}}', '2024-11-21 07:01:05', '2024-11-21 07:01:05'),
	('VYYR6nd6cXyHywT0sfUmXoWvv_7HdJcw', '2024-11-28 06:44:01', '{"cookie":{"originalMaxAge":604800000,"expires":"2024-11-28T06:44:01.414Z","secure":false,"httpOnly":true,"path":"/","sameSite":"lax"}}', '2024-11-21 06:44:01', '2024-11-21 06:44:01'),
	('W0a9qJY504gbAzENqU0hErEQdERJEBu8', '2024-11-26 19:54:09', '{"cookie":{"originalMaxAge":604800000,"expires":"2024-11-26T19:54:09.512Z","secure":false,"httpOnly":true,"path":"/","sameSite":"lax"}}', '2024-11-19 19:54:09', '2024-11-19 19:54:09'),
	('w1O_kr2_onvAOd_edj1xutOgJQprVryd', '2024-11-27 20:06:39', '{"cookie":{"originalMaxAge":604800000,"expires":"2024-11-27T20:06:39.413Z","secure":false,"httpOnly":true,"path":"/","sameSite":"lax"}}', '2024-11-20 20:06:39', '2024-11-20 20:06:39'),
	('W3ndEN9i4_D75SF2eNIBwNm4qCBxbfpY', '2024-11-27 19:40:03', '{"cookie":{"originalMaxAge":604800000,"expires":"2024-11-27T19:40:03.588Z","secure":false,"httpOnly":true,"path":"/","sameSite":"lax"}}', '2024-11-20 19:40:03', '2024-11-20 19:40:03'),
	('WBpwhWdKQRt6nr6lYMGe6De85M-vCA5a', '2024-11-27 19:53:45', '{"cookie":{"originalMaxAge":604800000,"expires":"2024-11-27T19:53:45.514Z","secure":false,"httpOnly":true,"path":"/","sameSite":"lax"}}', '2024-11-20 19:53:45', '2024-11-20 19:53:45'),
	('WbxecC3jTvdULvtMcf2_2lF6XZmI2y74', '2024-11-27 21:11:34', '{"cookie":{"originalMaxAge":604800000,"expires":"2024-11-27T21:11:34.149Z","secure":false,"httpOnly":true,"path":"/","sameSite":"lax"}}', '2024-11-20 21:11:34', '2024-11-20 21:11:34'),
	('WCaDW8C1boa6_bxFgjQnpdUXLXwxi5zx', '2024-11-28 07:03:10', '{"cookie":{"originalMaxAge":604800000,"expires":"2024-11-28T07:03:10.915Z","secure":false,"httpOnly":true,"path":"/","sameSite":"lax"}}', '2024-11-21 07:03:10', '2024-11-21 07:03:10'),
	('wDwcwFX8B0U83e-IsRLGWFLnQxG9kJsE', '2024-11-27 22:25:47', '{"cookie":{"originalMaxAge":604800000,"expires":"2024-11-27T22:25:47.314Z","secure":false,"httpOnly":true,"path":"/","sameSite":"lax"}}', '2024-11-20 22:25:47', '2024-11-20 22:25:47'),
	('WIWEpZ8BY7TuEhtOA7oFlR_gZ9r4rCsL', '2024-11-27 01:17:31', '{"cookie":{"originalMaxAge":604800000,"expires":"2024-11-27T01:17:31.733Z","secure":false,"httpOnly":true,"path":"/","sameSite":"lax"}}', '2024-11-20 01:17:31', '2024-11-20 01:17:31'),
	('WK3Ak_UrOcJScIsNq2uqis0yxYFNHlo5', '2024-11-27 20:06:40', '{"cookie":{"originalMaxAge":604800000,"expires":"2024-11-27T20:06:40.511Z","secure":false,"httpOnly":true,"path":"/","sameSite":"lax"}}', '2024-11-20 20:06:40', '2024-11-20 20:06:40'),
	('wmv_oIojMCzzwSSsU27tA6icqrjmwU3Q', '2024-11-27 19:11:19', '{"cookie":{"originalMaxAge":604800000,"expires":"2024-11-27T19:11:19.060Z","secure":false,"httpOnly":true,"path":"/","sameSite":"lax"}}', '2024-11-20 19:11:19', '2024-11-20 19:11:19'),
	('WnUyYJR-VvqaXaWZCrKqGehCKkayJOlR', '2024-11-27 18:15:12', '{"cookie":{"originalMaxAge":604800000,"expires":"2024-11-27T18:15:12.235Z","secure":false,"httpOnly":true,"path":"/","sameSite":"lax"}}', '2024-11-20 18:15:12', '2024-11-20 18:15:12'),
	('WSabmaNjPIe3UEcduyccPFLLEb9r97jR', '2024-11-27 22:39:04', '{"cookie":{"originalMaxAge":604800000,"expires":"2024-11-27T22:39:04.089Z","secure":false,"httpOnly":true,"path":"/","sameSite":"lax"}}', '2024-11-20 22:39:04', '2024-11-20 22:39:04'),
	('WSdArY0h4RNQYrBGbgguFdbea3GPC1ed', '2024-11-28 06:43:38', '{"cookie":{"originalMaxAge":604800000,"expires":"2024-11-28T06:43:38.526Z","secure":false,"httpOnly":true,"path":"/","sameSite":"lax"}}', '2024-11-21 06:43:38', '2024-11-21 06:43:38'),
	('WWWbVGb1Aq5PgD9p9o4-5zJCJ7CdWEgc', '2024-11-28 06:36:46', '{"cookie":{"originalMaxAge":604800000,"expires":"2024-11-28T06:36:46.123Z","secure":false,"httpOnly":true,"path":"/","sameSite":"lax"}}', '2024-11-21 06:36:46', '2024-11-21 06:36:46'),
	('wz-rtnVFQpCZlhv_Ml5dBLXttkX2JF9t', '2024-11-27 03:46:31', '{"cookie":{"originalMaxAge":604800000,"expires":"2024-11-27T03:46:31.861Z","secure":false,"httpOnly":true,"path":"/","sameSite":"lax"}}', '2024-11-20 03:46:31', '2024-11-20 03:46:31'),
	('wzf7GgySrjRl4M7SsD2GPjXYvVMzTzlw', '2024-11-27 19:42:50', '{"cookie":{"originalMaxAge":604800000,"expires":"2024-11-27T19:42:50.827Z","secure":false,"httpOnly":true,"path":"/","sameSite":"lax"}}', '2024-11-20 19:42:50', '2024-11-20 19:42:50'),
	('xb7DoOiw3T7Mj0BDgG5V-YKYOQI3YtBW', '2024-11-27 20:17:59', '{"cookie":{"originalMaxAge":604800000,"expires":"2024-11-27T20:17:59.379Z","secure":false,"httpOnly":true,"path":"/","sameSite":"lax"}}', '2024-11-20 20:17:59', '2024-11-20 20:17:59'),
	('xCdQ-RWCP3-sBCgEvDXCavvDpQx7-72F', '2024-11-27 20:07:32', '{"cookie":{"originalMaxAge":604800000,"expires":"2024-11-27T20:07:32.578Z","secure":false,"httpOnly":true,"path":"/","sameSite":"lax"}}', '2024-11-20 20:07:32', '2024-11-20 20:07:32'),
	('xJprBBtBSO8CEOvg9vbVX43tcQt6yDe5', '2024-11-28 06:44:03', '{"cookie":{"originalMaxAge":604800000,"expires":"2024-11-28T06:44:03.661Z","secure":false,"httpOnly":true,"path":"/","sameSite":"lax"}}', '2024-11-21 06:44:03', '2024-11-21 06:44:03'),
	('XlXDAFzYJ-XY_I1LNtJ8tRuiu08AVThd', '2024-11-27 19:36:05', '{"cookie":{"originalMaxAge":604800000,"expires":"2024-11-27T19:36:05.689Z","secure":false,"httpOnly":true,"path":"/","sameSite":"lax"}}', '2024-11-20 19:36:05', '2024-11-20 19:36:05'),
	('xn-XPNuKyAYDectqXDIioPxtbUMFvylr', '2024-11-27 20:07:37', '{"cookie":{"originalMaxAge":604800000,"expires":"2024-11-27T20:07:37.878Z","secure":false,"httpOnly":true,"path":"/","sameSite":"lax"}}', '2024-11-20 20:07:37', '2024-11-20 20:07:37'),
	('xqygxCgJplcyqY9RU3iuHdOQyuA_-Lfe', '2024-11-28 04:36:50', '{"cookie":{"originalMaxAge":604800000,"expires":"2024-11-28T04:36:50.993Z","secure":false,"httpOnly":true,"path":"/","sameSite":"lax"}}', '2024-11-21 04:36:50', '2024-11-21 04:36:50'),
	('Xum2DdFrT8pxOgI51zfU8_AdtpV76Kff', '2024-11-27 21:10:40', '{"cookie":{"originalMaxAge":604800000,"expires":"2024-11-27T21:10:40.112Z","secure":false,"httpOnly":true,"path":"/","sameSite":"lax"}}', '2024-11-20 21:10:40', '2024-11-20 21:10:40'),
	('Y6bJl5Ttkh95eRUSMbwNu90VNQSil4J6', '2024-11-27 22:11:38', '{"cookie":{"originalMaxAge":604800000,"expires":"2024-11-27T22:11:38.571Z","secure":false,"httpOnly":true,"path":"/","sameSite":"lax"}}', '2024-11-20 22:11:38', '2024-11-20 22:11:38'),
	('Y7kTLbl6SN4ueUy-GJ_STeSoHPKOXxme', '2024-11-28 06:56:16', '{"cookie":{"originalMaxAge":604800000,"expires":"2024-11-28T06:56:16.770Z","secure":false,"httpOnly":true,"path":"/","sameSite":"lax"}}', '2024-11-21 06:56:16', '2024-11-21 06:56:16'),
	('Yf6bwrJ-YNODZtCFdRtA--_jzs-zuiop', '2024-11-27 18:15:12', '{"cookie":{"originalMaxAge":604800000,"expires":"2024-11-27T18:15:12.271Z","secure":false,"httpOnly":true,"path":"/","sameSite":"lax"}}', '2024-11-20 18:15:12', '2024-11-20 18:15:12'),
	('ygF04e2sFbzUm1APM0PB7UaCE2rvjlnr', '2024-11-27 21:11:05', '{"cookie":{"originalMaxAge":604800000,"expires":"2024-11-27T21:11:05.956Z","secure":false,"httpOnly":true,"path":"/","sameSite":"lax"}}', '2024-11-20 21:11:05', '2024-11-20 21:11:05'),
	('Ygp9wDbGSYqfkcvZ0Qs8HKg6Q0WvtY-s', '2024-11-27 21:10:54', '{"cookie":{"originalMaxAge":604800000,"expires":"2024-11-27T21:10:54.870Z","secure":false,"httpOnly":true,"path":"/","sameSite":"lax"}}', '2024-11-20 21:10:54', '2024-11-20 21:10:54'),
	('yHttbfdZ-bOme4gcZpAhx2-cz2rrFGfw', '2024-11-27 19:56:56', '{"cookie":{"originalMaxAge":604799999,"expires":"2024-11-27T19:56:56.426Z","secure":false,"httpOnly":true,"path":"/","sameSite":"lax"}}', '2024-11-20 19:56:56', '2024-11-20 19:56:56'),
	('yi0XWcMxsAAqEBo3_b1NhvjFYukcRg5l', '2024-11-27 20:14:11', '{"cookie":{"originalMaxAge":604800000,"expires":"2024-11-27T20:14:11.057Z","secure":false,"httpOnly":true,"path":"/","sameSite":"lax"}}', '2024-11-20 20:14:11', '2024-11-20 20:14:11'),
	('YnHgPV8O8Y6VITfaSA2yjXeaL6l6tBee', '2024-11-27 19:56:45', '{"cookie":{"originalMaxAge":604800000,"expires":"2024-11-27T19:56:45.224Z","secure":false,"httpOnly":true,"path":"/","sameSite":"lax"}}', '2024-11-20 19:56:45', '2024-11-20 19:56:45'),
	('yqfCTS1Lts3LrGY76Oc3-UeDLQ4Sd1Cn', '2024-11-28 06:44:02', '{"cookie":{"originalMaxAge":604800000,"expires":"2024-11-28T06:44:02.832Z","secure":false,"httpOnly":true,"path":"/","sameSite":"lax"}}', '2024-11-21 06:44:02', '2024-11-21 06:44:02'),
	('yqwjjExP-YsA0mx9FlBsnuj38GuF5gxY', '2024-11-28 06:59:48', '{"cookie":{"originalMaxAge":604800000,"expires":"2024-11-28T06:59:48.497Z","secure":false,"httpOnly":true,"path":"/","sameSite":"lax"}}', '2024-11-21 06:59:48', '2024-11-21 06:59:48'),
	('yrgO0L98Y6A6NWSxzjLmMmJ8kKl1DZ9u', '2024-11-27 20:13:55', '{"cookie":{"originalMaxAge":604800000,"expires":"2024-11-27T20:13:55.904Z","secure":false,"httpOnly":true,"path":"/","sameSite":"lax"}}', '2024-11-20 20:13:55', '2024-11-20 20:13:55'),
	('YtXUifq3dgVdr58kK2yNqiyaZIjt0qKq', '2024-11-27 20:14:08', '{"cookie":{"originalMaxAge":604800000,"expires":"2024-11-27T20:14:08.309Z","secure":false,"httpOnly":true,"path":"/","sameSite":"lax"}}', '2024-11-20 20:14:08', '2024-11-20 20:14:08'),
	('z9GilDv01Yapf5aItWDA6Rt6f3Dqv92C', '2024-11-27 19:42:57', '{"cookie":{"originalMaxAge":604800000,"expires":"2024-11-27T19:42:57.400Z","secure":false,"httpOnly":true,"path":"/","sameSite":"lax"}}', '2024-11-20 19:42:57', '2024-11-20 19:42:57'),
	('ZeiDAgEUteT0IFY4XDUC0qrn8xNXG9zf', '2024-11-27 19:30:01', '{"cookie":{"originalMaxAge":604800000,"expires":"2024-11-27T19:30:01.423Z","secure":false,"httpOnly":true,"path":"/","sameSite":"lax"}}', '2024-11-20 19:30:01', '2024-11-20 19:30:01'),
	('zHhAXfv7ILjbJJ9rCYuNjTyburhvqo0c', '2024-11-27 22:36:42', '{"cookie":{"originalMaxAge":604800000,"expires":"2024-11-27T22:36:42.906Z","secure":false,"httpOnly":true,"path":"/","sameSite":"lax"}}', '2024-11-20 22:36:42', '2024-11-20 22:36:42'),
	('ZJOKyCFXzkOr58WOkAoIwwr0Em5s2TnI', '2024-11-27 19:36:04', '{"cookie":{"originalMaxAge":604800000,"expires":"2024-11-27T19:36:04.105Z","secure":false,"httpOnly":true,"path":"/","sameSite":"lax"}}', '2024-11-20 19:36:04', '2024-11-20 19:36:04'),
	('ZmzViC-f8I1zHap36LwT5zNn7cvQPvB_', '2024-11-27 20:06:47', '{"cookie":{"originalMaxAge":604800000,"expires":"2024-11-27T20:06:47.426Z","secure":false,"httpOnly":true,"path":"/","sameSite":"lax"}}', '2024-11-20 20:06:47', '2024-11-20 20:06:47'),
	('Zp7cpQrPJ2rM03CcztroQ5HC_598FV5o', '2024-11-27 22:11:38', '{"cookie":{"originalMaxAge":604800000,"expires":"2024-11-27T22:11:38.484Z","secure":false,"httpOnly":true,"path":"/","sameSite":"lax"}}', '2024-11-20 22:11:38', '2024-11-20 22:11:38'),
	('ZP8wPpUW6s5AAeXuvJInuNk-oR38LIhU', '2024-11-27 20:06:10', '{"cookie":{"originalMaxAge":604800000,"expires":"2024-11-27T20:06:10.012Z","secure":false,"httpOnly":true,"path":"/","sameSite":"lax"}}', '2024-11-20 20:06:10', '2024-11-20 20:06:10'),
	('ZpwRRouAxppr2sv8565j8Xia2HdqztQV', '2024-11-27 18:15:12', '{"cookie":{"originalMaxAge":604800000,"expires":"2024-11-27T18:15:12.435Z","secure":false,"httpOnly":true,"path":"/","sameSite":"lax"}}', '2024-11-20 18:15:12', '2024-11-20 18:15:12'),
	('ZV7q80Z_vE9EbbdHIjFCAh9vAF5E6Cdc', '2024-11-26 01:42:45', '{"cookie":{"originalMaxAge":604800000,"expires":"2024-11-26T01:42:45.599Z","secure":false,"httpOnly":true,"path":"/","sameSite":"lax"}}', '2024-11-19 01:42:45', '2024-11-19 01:42:45'),
	('ZZjunSVe2FnHISDTbhdkdM84wMRC7EbS', '2024-11-27 20:14:07', '{"cookie":{"originalMaxAge":604800000,"expires":"2024-11-27T20:14:07.181Z","secure":false,"httpOnly":true,"path":"/","sameSite":"lax"}}', '2024-11-20 20:14:07', '2024-11-20 20:14:07');

-- Dumping structure for table be-galer.users
CREATE TABLE IF NOT EXISTS `users` (
  `id` int NOT NULL AUTO_INCREMENT,
  `uuid` varchar(255) NOT NULL,
  `name` varchar(255) NOT NULL,
  `email` varchar(255) NOT NULL,
  `password` varchar(255) NOT NULL,
  `role` varchar(255) NOT NULL,
  `createdAt` datetime NOT NULL,
  `updatedAt` datetime NOT NULL,
  `refresh_token` text,
  PRIMARY KEY (`id`)
) ENGINE=InnoDB AUTO_INCREMENT=8 DEFAULT CHARSET=utf8mb4 COLLATE=utf8mb4_0900_ai_ci;

-- Dumping data for table be-galer.users: ~4 rows (approximately)
INSERT INTO `users` (`id`, `uuid`, `name`, `email`, `password`, `role`, `createdAt`, `updatedAt`, `refresh_token`) VALUES
	(1, '3bbb0482-ca4d-483c-aa2a-12555584d47f', 'Admin', 'admin@gmail.com', '$argon2id$v=19$m=65536,t=3,p=4$G9TqzsGb2OoXCijaSkGjmQ$nIHrxjuTIXWo7sMHVPzoHjToxkx/ZS38IWwcNEcvn94', 'admin', '2024-11-09 17:04:28', '2024-11-24 22:46:28', NULL),
	(2, '98cccc43-af21-42ec-98e0-2096675e2429', 'Raihan', 'raihan@gmail.com', '$argon2id$v=19$m=65536,t=3,p=4$zLAijqCtrK6fLBGA61i3WQ$WExqz8Ma1ZF8Vvr1ritOx5sRkjqP0pPByj1GKyQfF+g', 'user', '2024-11-09 17:04:55', '2024-11-21 06:36:45', NULL),
	(3, 'dbc792a6-f7da-4c50-9a70-28c89a477027', 'John Pork', 'johnpork@gmail.com', '$argon2id$v=19$m=65536,t=3,p=4$NSEA7PjcrEsyRYu7rqNvBQ$6Yjs69beIISCFlKa7FR+tWPKURCjWeQhy0wfR/vnuXA', 'user', '2024-11-13 00:44:53', '2024-11-13 00:44:53', NULL),
	(7, '3a2a601b-ec84-4f68-8985-519c51c59ab8', 'test', 'test@gmail.com', '$argon2id$v=19$m=65536,t=3,p=4$BkyH/h9f6Jr1ArNNrhuu/A$HMXYILPTUiS3gz1HLBGGDGp4g0X97Eqd9MOf6slI22M', 'user', '2024-11-21 06:35:30', '2024-11-21 06:36:25', NULL);

/*!40103 SET TIME_ZONE=IFNULL(@OLD_TIME_ZONE, 'system') */;
/*!40101 SET SQL_MODE=IFNULL(@OLD_SQL_MODE, '') */;
/*!40014 SET FOREIGN_KEY_CHECKS=IFNULL(@OLD_FOREIGN_KEY_CHECKS, 1) */;
/*!40101 SET CHARACTER_SET_CLIENT=@OLD_CHARACTER_SET_CLIENT */;
/*!40111 SET SQL_NOTES=IFNULL(@OLD_SQL_NOTES, 1) */;
